image_id,view
4087f03111264cefbeaa7b7c0ddea964,rear
48df6ede045549bdad1086929f84e11c,rear
d622af90f62446e7ab6a82648a3974cb,rear
9ef7126990bd43aa81667b3c3ba104c4,rear
2f15ea8a4a864fea8cfd40458c4c4514,side
3b32f71726a74256a8bc1dc944979df8,front
ae25f0f01bee4b29a591f33a24362f7d,front
309e86f3d2db4c708fa610db3c02ce8d,front
7216e097592d4a72889e204e868fa86a,rear
f7865663d46646d0b34bb2e1d58316c3,rear
1c7dc43548a34525adf4f1dfdce49832,front
4a359045262a4eccbe6c73e7500551d5,rear
39f4563f68dd44c69c26e0a30111ce09,rear
4455517b60a44bd7b600270adaff412b,rear
b5fa532b41044848a672d0200272a85c,rear
c7686151620345a7981d5ab0546e3bee,rear
1c9008d4b2b64cc6bfa5d9cfb591631a,front
930497021e784d8ebd46c82e1ffcce99,rear
0286f85475e34407b7d025cd16a68100,rear
6362a50d1987496ab65626c6b14e8ca9,front
42b1c4d5f6d547c9b1196fc91c11272d,front
edd3e3ba6041438c90c4957c2ca79a70,rear
b0f824b088954b1db7ee47af12fdf054,rear
8c06f9212b9e413682f6cde291d4968c,front
231538a8fff24324b5f95e5b4aee1f03,front
0cc5640a914748c4abc2ba935a3e5801,rear
fc1c73e86c63469b8fedd158425af6fc,front
0d83449146d74aa48bbe20d6ee856fd4,front
98338db0304a46dfb4ce001887c4d4f1,rear
8cf2f830608e4cd292d3b2141d0f93f3,front
7a3c09961f5c4222a1af374e41103578,rear
3709709abdd642da80e1916bb8ad4b70,rear
3b36dcf2307f465eb0c0ac5f385d0294,rear
531aa1d972a94f9180849edb46fd9dad,rear
7e4d3e018ac8427eba985caa47b9bf62,front
25688cd022da42d080ec67693ec76746,rear
2ec9ed6cf1614afdac481c19f1c4f37d,rear
b448b1f9cea34ab98562f510a1e4c30a,front
098002fa8a7a48c9a085fb1b7607d8d6,rear
4fa7f4140f8f4db88080e893842b7258,rear
c7b6d66e61d040a187c45c1b27cf7a36,side
4687755c404845c48d15ac67c6f57c12,front
83fa19f86a204269a4246ee57a387d2f,rear
5d8c66e35b944171a48b85b4d755db03,rear
015a59a8e3a9439d98adfb7b64e41c6b,front
5f235239ae7b4af6801b068c5e3fa383,side
338f55a87b0a47e788d0920a228da750,front
e9f66f92006248b486e7e75bd714a05d,side
4f68435022df40f4b6e327eca73ee8cd,front
0a07e9dbb2544f50a35f97d55835e1b0,front
060fc03f279740b0aad9fe69ec4d4b7e,rear
3195eed8c38748c3bc8c226bdf27a96e,rear
af1baa6fc4264009a1401c5f5a7db2bf,rear
44173220b0bc401a81da3b98f53615e5,side
b42d27af59eb46ab87795cd85641ab88,rear
e6465387142f455ca138c4b276f9653a,side
b221dae7fb7a4bcfbecc9727bdffc2ba,front
dbf0731079ae4d0ba5bbf5114b43d5a8,front
0970e383702e496989709b9906751c5a,front
ec5695585f904fee82d0244b723a56e0,front
1e07aa6a472e4db383caba260ed02294,unclear
1271c49b09c24e51b65222e3b4644a3a,front
d83bdaa3e08344228874f9e269aab20d,front
1744019fae3a4faa840563bd3083d811,rear
e13d7516d6874be088abb1eeea0acad3,front
08f1e9412164446e8849b3b133884db8,rear
4c0076d780d24363b1cd8c63ac32c8ac,front
f2e3dbd57f564c7fa83f103d408e7bc1,front
409e531eb7044611a626eef78974566e,front
6676046cdd7d4d389cef9950d917ef0d,front
2502fb1cbbbe4c7e84dced75cb6d807a,rear
26ab9040966048eb8cd968683c2bd5e9,front
f8a552a02b2b467bbff1bd8fef453ded,rear
4340068106ca407c8e24688e1dc2c33d,rear
1146facc523547958fb39aa8fbe401bd,rear
3b8ca77bd874459399f6f8a82753fc79,rear
4fa5c1fd9af54341bdf379ef9b01d62f,front
e54c7cab8b1b45429fe1e97740344839,rear
2d318afc048d4168a76f2c9fbcdc742c,rear
7d1d88b9a1634586aa323be47d410722,rear
95f4ff287e954c39ae6ee8e7c9f9daee,front
2796ae66b6f84d25afb29f9fad5ee674,rear
4acda1360d4042a693666c023db09e3d,rear
dba22294a4854e3ba5c9b0cc50eb90e6,rear
16c6e0daf6a24b7d8ef9c4e0dee5bf60,rear
092eab94535b4ca4b5496a1ecb7aa7fc,front
72a5995aaea74be59eb2fcad253901ae,rear
5769521690f54159bbc8d4cd089ba876,rear
785b9bd8af75424c8b359e4e35a7fc43,rear
4fe26eea959d4553a3f4f79a228e52f3,front
6d4062510aee442c92889038f66bb47b,rear
cbe52cc90d8e44eca9e04e482a682654,side
d13b1ac39a3f423185520af5dfff6683,front
ef0f2b22b8e34fa58d556bb92f061a64,front
a1c52547fa3a4a9d988533bc8430b141,rear
633923bb46fd4fea963f8d91c3ea1409,front
63a9c4c655ea428b9678c8aa9e950a55,rear
ef6d4141db724a0a94237d71ea344c84,rear
5eb9cce498104e90890e62561d300e91,rear
d6a7ac701a1045638c2c4713ba02a404,rear
2c58c0c9438943b0b0a9623649f64a20,front
85bbb0285ec64d8b91767f684000f92f,front
09f6e043bdad41de8b79a4208571409a,rear
0baaafe2ff8b41369ed7e5d36ba3887b,side
2cedbc8fb4164eebba8d6beb41ed4ba7,rear
95ced2ad87d54c149bbcb3f510a076d4,front
a01c83af23284ed08a504f9bbf776d6a,side
c13a0a73b3694557ae1b4d95b8310549,front
4fa85c39e7f84d029e20d62e20c06f52,rear
29d17bf7e2d047239e25564afb46ae01,rear
3a99b9d218674e34a867062dd752fd3d,rear
2931c3afb1c94b8490215aefa353e4c6,front
46527d56cfbb422a890a67fc8c4b217f,side
cc9bb8b8620843468d7403813a3b9670,rear
9ee933ab2f404494a7a531ae062c13aa,front
46ce7a9190ee4f39ab14bde724c3bf1d,front
0ad14cb03ee342c9ade03dd4eeb4721f,rear
c92c7a34e6654bea92bb5f3c99a323a6,front
32381a0060f74faa8770f9174208f1c3,front
1da7e63cc76a4b3085295b0d245ff482,rear
af0b51c677614074a817e041a6922bfe,side
80123243e2334e36af495207a2caef36,side
d9a5e7d9a63f41dfb2a1471e0410d729,front
768c5b309016456888dbc27041bdea12,front
b8820cbde8a94f2fa3163ad9a60df252,rear
ee49b098485744f8a7000e0d7552b270,side
684a55dcfe9c449f8564d48e5daf2f33,rear
39010b4e8e534411bc5723cfdf2c3c78,rear
f922e04aa66c4a8a8b0cfe08475903a0,side
75ba64ccb95d41adb76f37b57fa88600,rear
4390feeb3ed94fdea5f0a24fa518caf4,rear
9cd3195e9bbd4331b566585403afa2c5,side
81d3ad66a1eb4849925dad550e78a3b9,front
be90a51995544e90b638446b291e02a7,front
30b1987a8a284f72874cec009a742f83,front
e76cbcbfcda540f8ad55d88b151d3538,rear
1ff63f8b1d684d24893695cd646a9423,rear
cf665e73c33c4f0b8bec3e1ade2871ce,rear
0a41603e707f40eca4c97f63b590cf44,front
b8ede6493d4d4d899e97a2564fc118cd,rear
a61f0f71cab943fb9cc58bea39c6ddda,rear
575c89d7ca8d40d08b13aedaf2ca5fb9,rear
0bf98bd755da4b87b9c2f8583d6a7e27,rear
26eb604790a845558a8c880ed00815e7,rear
3ff06f5628f74a5b98e7b79bb45a26d9,front
52eaf996c73445fcafbfa0a954ca7f2b,rear
ed90c9732ed34546a0a5616d2ae1f3de,rear
fd89f0faa4fd46e3bd73d370fadfec8d,side
7738befa8d984804b8d8ccce54e5c5ef,rear
4ea3e8505b5d4e34b1bcfc0544e15bfe,front
c0740acb6cef4c5083b3c6e8a98e18ba,rear
2a256243b1ac4aa69cf87384f2241f30,front
075691e3211b45548c5c3e2be5b9d0f9,unclear
c699e17aae0a485aae0fb50c9f1c875c,front
408ba04855544593b8173e1de23d372a,side
241973ff5b0c4cda95bd1a3c5800b305,front
cfcbf7df946d44069d1c1ef6ec4f0d6b,front
f41d96ea1ce042d69a83c8ecfd4125a6,front
415f4e79af034625a93b37530eca4694,rear
68659dc6f6ad46ddaebb6c8cae7cfa6b,rear
021bad9c7a104c06a98d7cf0e5bc2843,rear
9ed00d9589bb44b4b80c94751c33bb0c,rear
d50f34bc48c742ac82b9d224fa6435e2,rear
2e2b73cd5755446e8a8b4680f45c7f0b,front
09d5f859e76541c28dbeb0df561db7b3,rear
5bf09fb59333489bb8d09b34ee7bbb44,front
676c67ccd48e48a5ada90282c55512cc,rear
212d5e317e8443098a121b21bf3a17e7,side
0491738696744835baa65dbfe52856d9,rear
1a284418d66943cb81613d665366048e,rear
ed98918830e949c5b1a3aea17ea10094,rear
6df089c9c452457d97b3ecbd8b380d16,rear
875e48c888b84300bad3363b57821ad6,rear
da5bfb5faae746ba81ed6e9a5e4bcec7,rear
234eca8502e4400089862aec60b3d55c,rear
2f59582458e7420f9dcb62091656adef,rear
cc7d64f9b2e04c669dd1fc259a8f929d,rear
2a42542e1996421391a5013ddb62fa57,rear
ba939a59a75c4b3b9af8d8404f2b9b43,rear
870473858051427e80b7dea17d7afc14,rear
2a11dcfef8bc4674a904c064d72331a0,rear
500b7333dfd6475b9e2da65756392e88,rear
54d916bebd9f4a11a90a123bb030d6d7,side
4b2493bc8f4248e69a31153835bdc6b1,rear
24a7e7a6895e4298a8ccfeba81c4ab51,front
3b05b7b951f949b9b931a2ea34aa4cf7,front
c84a0c05f10c4457b063c77ef279a8a2,side
c9514fa2c11f40a8b9197456900e5219,side
0bdf5e7bdd624ca3bf47fbb8b7a699cb,rear
c9ac48f58329412eb708655708efa2ed,rear
c0befe8ade8d4577999c1c116e95d87d,rear
bdb2c91add594cfe9ba838254d7bd418,rear
d7a896e3afa84a82b86b447e59f81669,rear
99a7f08abba544738fdde45d8f929821,front
de5fbc6c8c12444b8d06fc06f9be64a5,rear
92e8c855631e4e3592e1d5c0faf6f5d2,rear
6ac8ac61aed84e4ba97a9a773b2b588b,rear
3d37812f45754ac8ba8bd0683fb87f91,rear
022091d38f184e02882b7f350376bc70,front
445c349413b84dfab0e764c9e809abce,rear
badab624a2d146a992e90f5e1f2756a6,rear
93ffa1c4dca940be9b4d5494ef756f19,side
7a43675d4ae142179a6328f78174ec25,rear
363ba31cd12043d89a6a882be7a9651c,rear
a688894d2e894e3a9beb66db8cd62214,rear
a31db6be0b1a4822a3e2bb9d13422a33,rear
7527cf3a0e604fcfb4e02cbe95d0cc90,rear
0a67953be45f460c93657dea903b7ef5,rear
df17ca9c8296497c915da3928d049aca,rear
cc722089ba4a40edb13eeeebfdbf2001,rear
90a266844d1b4666abbfb0662492a883,rear
7acebb619e7b4f2199136a370f1a3884,rear
7dea319d83af4d32a8777bd4f0235750,rear
f15840fa02444165855a2276cab9e5c4,front
034e8539f754410a99ea547ad1d55552,rear
8e478fe28d3a40c8ad637bf8bd0be86a,side
6eddd7c5f67d45e2bed3d9cf25ba2793,rear
81dd09af86384c11b1372423201c865c,side
c488a5b0f28f4b8f9ce1c93e6a8a491e,rear
04ddddc07dc54bb69c61d6251808f739,side
f1c1c7044a9b4e119160b299cda947f0,rear
b48f47a4db024957811ebeba2ccfaf3e,front
368c9fb6134d4deca8a85e6fe44d43f8,rear
bef6ba2b3cb0436da5a17766bc9eb762,rear
1e5fdb0b5f2a419cb26f3fe74cf21e15,front
f15c0a764e054d5ebf103925ce5f13ec,rear
4f1b9697beb24fc1bc428048959b8f64,rear
477a5bd066134ca6aaa33d480a7d3366,rear
0302c6a8f9be4800ae3c6fcdb85c02bb,rear
859193f0ffd44974b31b3dc5f643dbea,rear
f9aef51e24794b528d595e390278a44a,front
8ca2b319e3784084a28e04d43b57b295,rear
f739ef90ed234a8e959107e5e57c2014,rear
421147fee9f2424d920ce1852ca7f9b6,rear
6871099738704c91ae84f1ce8a91e369,rear
8ce533e3abe74cba8d718be1d30b7e80,rear
8444abe111414ca79823a1f2e1f67a73,side
53d3facc342348368b1931315c703575,rear
4667db46865b481b8f7056f4eb1a5e17,rear
3ed09186c8a84365b2e6f0ce45ec664f,rear
f4f728e88e98496380f20aeaea4c0e63,front
5b029256f8e14d86841a9597dc51ce8e,rear
27180b4eb7d94620beb257872bf2c229,rear
37d7d45c87a8445f99f9f0fb810fdd0b,front
c618993de4454a7f9455a165ce0c5996,rear
ca6374c8598046dbb2b50a08b573f76a,rear
57633a8b51d04fbabf5b4744bfba59d8,rear
fdb84b0a7c7f44f2b3787258c796e511,front
0c98fb852faa41c0a38c57ab3ffb0146,front
ce9527075ff84c5ebf285a8a1f11d7f6,side
c2aa59bd42184db5960199ca3b6e9696,front
aa063cb94a8843b78408f0100fc75c83,rear
b2c8a3d6ea7f4338ab2f883cd43e6e22,side
5206b12196d044d2b1d9ab5fda35988b,rear
2d663215f0ae4c98bc96b0ec425301fc,front
8d231b35103b417db35186e983300422,front
e1e17a2bf9c84a7db3208a3313f4fc8d,rear
5c11bb2763a346d197424e3dd1138f45,side
b5d92afd5ec04e58938748d939537a20,front
2e735fa9951a46d9a01826761cf987b3,rear
08b7777073ce4b049f53d0e87461af15,front
10c4bd65bef04ec3af56dd540e55f0ad,front
58df9dd188274d52909b77d0a4e4e680,rear
3adedd077b6549f79954753943c76023,front
f41c04870b734a079f362b0c67113bd8,rear
b36b487dd1944c809c692bc412d39f9e,rear
1c0d8ac1cee94629b1abb8e2e2a026f5,front
cda91988566f4860a294435245681324,front
5295405f8e7240c9a04c75bca2f39b78,rear
944dbf53512c45eda5381d04c1edb725,front
1c505eb0f5274f629086efc0467322c0,rear
da9e21dceffa43958d082b918819f883,rear
affa77b42c064108969806ba80b0aadd,front
d798965d8fa04306945847ca841aef31,front
12ca3434e7534cb88668b67a3e71eede,rear
b4275445a0654734a0f49074e9c02cd8,front
5d86e9c7adc449718d57c9c4f861e88e,rear
f4df92626c5f4233a288c077869f5311,rear
51a8e19354814c72b28b735f6db70d54,rear
ea0ad821f06e492984e6b2a090afb052,rear
23d871d6e63f48bc995893a9be40360b,rear
70cd2260ce0143f3bcc98da1fdf65217,rear
f069642026204b229a15709e45cbd4f5,rear
d0a6f5748e354e58a902ba3da422cd8e,front
b6619a581e084b7d9529d2dc7396a745,front
b4fe1fd1ce6b4eb9bd2561e38fe31011,front
0bfa08d841404ec9ad2a24d3c3fb3f6c,rear
843ed72db398499da9385c6db9c87511,rear
908831cb83d443359fc90b2a5ef72450,rear
6732c1735d054905bb2fe07272a7bfa4,front
2e76b1b42fc044db8027bdc7c4fb51f6,rear
5abeea997a4d4c15b1a78c8ffc06c80c,rear
a910ffec52a740c5ae4b818c999ba6cf,rear
8274a785a3fa445fa4b0cd9ac6b45e01,rear
082c884ac15d4e53aaf330666b5f2de9,front
c4ef7085729e474eac545ab733b60b8f,front
2c255fec175e43dc9304ae9e0946960b,rear
5993a2311296402cae5b2fd778512175,front
a63ba6e4732e45dd9158ee2d902ff4e7,rear
824ed859abef4f01bf68666036fed130,front
e6cc5e7f4a2a42f1b7d6d30455e41c68,rear
918dc97e7d844a0ba2b9ba03780fc661,rear
d0136cd4262a43468e2ed7dc45f3e1df,rear
8879b2e4aac44614b09353690cbce5e2,front
ac67c8ea36354d6399a71d54a513c171,rear
b68ba7538e274ee3a7a7c94dfbd60e13,front
ed7c3b52d1f345458cebbbcefbe93eef,rear
2fb45d33414b460b97eff25b63453022,front
8e81e90710df4f96ad878d0278786d62,front
e75d93d10da74da290dd3644c7344d39,rear
f2b0f555f6a54e28825dfd3b7a07ddee,front
52536399b67149a28fc1f8d689784eb6,front
aab33f54b138441eaa0da82cd4824de3,rear
df35d449c2214113a6b2325f5b6f33c6,rear
bc68e824cdbd4ea78623b86af31e9ed0,rear
b08c42632c1b46abb523f53665b0604e,rear
e2de7959eafc498db27f522b9cac75ae,front
2a94b5bef2354f289bf7f793385a3479,front
f9d3695b041947ebbb8429b118eb4de7,front
ec8cf2bdf8d6473aa7b9f33c0f7ef751,rear
a745e242c9e84bdd99229ad48ce5da08,front
fd3a081dad25460c892bde27212aa387,front
2dd0e1c8ee834b3ebed18c78bdcd9e4a,side
06c0ee92251740bab2d4b7d0fb635a4d,rear
d98f4a389a5849c2ba01bd1d2eaab911,rear
5978a8d24bf34899968e435b77850840,rear
896dc06956474ca0be78210086ca74a3,rear
9b5884f51d96457081c4cfeae7380df4,front
7cd6cc3770df4edc827457f29b9072f5,front
353cdc2b04d44236a959b08789e1bbf4,front
4ae4b55d2e244458838c2a94240d9694,rear
2cd582f6e1504efabde1d03aee3bba02,rear
7e3a9c30522f4dc9be323ad5e5b347fe,rear
6aa6a5ffb7174f07ad4b2693442a98a0,rear
c2ae18e96cf6445d9554e177ee55461e,rear
e47e2c83d25441279e040183d037472f,rear
5c82302d33b54091b703ac1e159fc00c,rear
25fe4ed7ba5b433b9ae84795ea909729,rear
c943bb4457fe4116b5d6793048a903bd,rear
6386efc84c7143a3ad05690e82bfeda4,rear
36c93433d821494cbe2391fcb39028ac,rear
6e3a67e3c7134756bb1c95408fdf76e9,rear
a905cc7059b2425f915a82bd198dde12,rear
408cb645389a46f19bbcceac59c44ef9,rear
85a89d63081346c9a838dda6b3c98cfd,rear
48865b67661d4a4cbe286bc772f260b3,front
dec41c517ce44f2ab27acf30d5b57217,rear
22af3deec06e4b39848b43cddd8d59a0,rear
02a8b0d41a754dbfb65e5f0e4750d0db,front
837518d296dc48efacf0888dcca15617,front
f5720961b33a4dfd87f4700c6737e345,side
7d7a5255bd194231827ad23ab50813e5,rear
311372c865bd4fd5a24cd903cf998885,rear
894b929302bc4cf99dce2179c5360883,rear
891e9a8c0af34556ad6ea51a2bcce106,front
fb363167599d49218191b691016812eb,rear
45ae39a731bf4e679aa6f852a21e2427,rear
d6a515f2018b4c6fb7688a78d398a11e,rear
c3b007fbd2b94e01883033701b8cfba0,front
d4768d0fa2c646eeaf6d02569b336399,side
6d73395e831b47a885f6ccd0ed5ea877,rear
b8b233e144c247898510222abd7b55f6,front
c200047a656641bebb5c44022759137b,rear
fb471eaf5c9841e5b9eac01af7af8e0b,rear
c9c757239e9643d7af996ceeb8b1d937,rear
46beed64d2cb42c5ab8d8280dc2588d3,rear
9e904bdf5dae4bfcb9b843506982a3b5,front
40576565cb1348bd83d4114aece70d93,rear
db0c88244516406ab2d963e8e991b492,front
1ccd013408ce4420899bb4d973a9cd40,side
6e8c60a823af47e7a94aa8b6d3fef91e,rear
21038fef3f604b75b6e1addbf8421d59,rear
7d7cf192556042c0812fa4e4474b897b,rear
08dbb417f1fb44c18b8de2a01b9a2bf0,front
f1406ddec2da411b964f53cc4862039d,front
25cb9713981146b986002acdc4454fe2,front
a03ab6d09073499283b4fa10d1ae4c48,rear
5ed0bafb76c2408c922a8aa290aa2e3a,rear
999af24fc08e4382bda8078ebb78cd24,rear
e3a09860dfd0452bab365769e00125d7,rear
95a0032da7504205b78bf4d6510bacdb,front
82fb20c439864e25844e6040f6b098f9,unclear
6336a721628d449fbbd2d12dbe75df54,rear
13b0a55d954e4294a43eee799a4caa7c,front
9e064fed4a854a76a2370e1f7c59296f,rear
8960a243dfef464e823adb64ac371cbf,rear
f671f7f649c04b7986e5a876c6581564,rear
88ac9ccbd4434545be87c5117b3f52a7,rear
21f6d8074a3041078bcbedc281a7ea2c,rear
394b80854a76420c89e60fc851496572,rear
1206d1de622649afacf257ba0cda54c3,front
5179ac8195614c41b918960ba9791c14,front
5fa558fc11624ab4a1db5c02136072c2,rear
44fa99cae3a84fffa87db35a4cf954a6,side
64bff71766694127b00f7e98a0e4d7c5,rear
74b20bbaad4c42a8accc03e0510e7569,side
2da2685b7b644d9999974a428c9ea21c,front
c4f135446de346158651cbb6bcf6990a,rear
0157c944eb8145469cdd456f807191ec,front
2d7ebe86d90a495d855e2661d80b4e80,front
479f56832695402eb220d05d00e90547,front
28247576fb5d4a918d9b156b04951a04,rear
0deab641bec442eab7a0b1449f894ffa,front
8504c0cddcf04d7fae993ab59cca56d3,front
fc8a8744c93b4dc2a727e1bddd4ebf7b,rear
973c4cf7fd574598a4b23d57d7b4d38e,rear
04ac6680e04949359d00381ca6a9e35e,front
849d281dc9aa4143a6d33f7153ada812,unclear
7155ce36a1c24769be69f858c0a8dfed,rear
a7be5b306496460b837f9352776d0f6a,front
11b60b471a18429b836c6c356d503695,side
89f8a33921fe4582939824f9d54eb511,side
92ede805e33b40baafb5056e19eedf07,side
c421346755fb4a4ea7eb0787c8ed922c,rear
c26a00ccc97f48719d0130406e992adb,side
3aaa60bfcf594ab79c61084325b76c51,unclear
a8789bc184c7471cb664066ea8e211d9,front
f2640cad334741c197d663128530ae5e,rear
c77f5263ef81462290a5305d030a298d,rear
c9da188aff5c490bbcbd67bc3d7388ad,front
612e78f3417441f099740ff93ea29f72,front
b01f70abda4e4ce4a162a83e4a7d0995,rear
ccb76e20e4054abba08b56f013bb5b3c,front
bedb9f58194e4edca9629eb330358178,rear
5dea7a5e1f1e4b33b3779cb5986ed2bb,rear
240f8a7dc6d4474a8dc2504bc45a540f,rear
0bb7fa5153324d7e9bae92f258d939cd,unclear
efc66302c48746d9a682671cd7608cb0,front
07a949b6306d4d0194b827af1f329a34,side
a4f006f0c71549e1b60cc090d3dd6de9,side
93b5dbde927d4688a6dcd3e9211b394d,front
38d151de74644ade85311b2d649c3f6e,front
9a61ac2b5e56428f975a5fde5f5ab07d,front
6ce0587d639d467ea028c7192762ee76,rear
a170a66439684887a4cd36e7b85a1ec7,front
a1bd2bce769240d4b0c7e9aaf32b27be,rear
b96f4a50de4348aab68fc164865bb436,rear
482715ed41e944268307bd7b61de2ae5,rear
941ed37602714e5e81896af1166158a9,rear
0b981cced7ca44cbb77e7f6110d1eff2,rear
0b551c8d25364bf4ad38492d4148e9ba,rear
89663ec03ca5460e8eaf15d33600fd5e,rear
2919318807404a7da0a16a3ea593da97,side
182fef9452834a06b3551fd07ff9798b,rear
aa3078b71c724034be1e8da928349c89,rear
26d4e4f2fe83468c918e0a34a37d1939,rear
dd12087a4bc6466f98aa8bf2d88453b2,rear
7db9d83cfe034fe0ac2db1ceb8348818,front
6a8c884fbd3249229b253efa60f97bcc,rear
fda65f4b467547d59a946902db05e2ff,front
a6427aa1e5ec43aa8993be9ff3a0c402,rear
0a61df0e4fc54580af7bed1188b6ea8f,rear
7393b27904c54b48bd5bdfa04fd90b3a,front
64d14f52a6924c8c8f25bc7fa5185c77,front
3422cf26af5543b5bfaefcf6c8cd70b3,side
b56e69f2f2d64c20808af7e3d3add86c,front
72039cdc9e224e95a644ff3b9d703a64,rear
ffcd9f5c46e74b4192c5797ecfa629c8,rear
90eacb98cb8c48c3a0163ad66e121efa,front
b83fc957f69946ca98525d89b01ddfe9,rear
1ebe1f72da714834b7322f8c10ae77c6,rear
a483211857ce4ce8928ee6dc66cff7db,front
ff21d7892fe54b71a9dbd2b2fb5c6366,rear
fec7f4586df546ab830e5d639e1b3e66,rear
b7076a0ddf424793801a20232c359594,front
ac59aefffcfe4c0f933f7c7ff06cbfd3,rear
c841c802c04d41d49b16d775806adb29,rear
b5b4d491efe74ef08b506459c9687488,front
026fbe1b64a24cfba7482a258b94cc17,front
a420e11949794aee95e338eec8b4cfea,rear
fb1d1e7f769348818deba78fe9e9eae0,rear
32c5f76ee03d4f2a87d5d7ecdbfe6b59,front
92d20f3ed87c457c9ce41aa010bcbca2,rear
e8ab79e0a0e94ca79a93d6af6dad3288,rear
1d83e65f848149ffbf2596536bd041dd,rear
ad25f496bf4c4943923e5ed8b0cb2b8c,unclear
6c6dcabc71ec40cfad78ce8384d367c0,front
1fa73eb5fe7148a78e1db451ee0536f7,front
4fa36e27057c47d1a67ef08b1eddf0ad,front
c058349ed2c44c1882f638c657245e03,rear
b36704d8b5004d37a89c0e6ca01dc91d,rear
c77d866c9c3a4cb89218690c3d400473,rear
5ae3cfd286554ccd8e6a132dc7f6fb2c,rear
79485da8d58042cdb1caba493c46ca40,front
a09e1a67b6164f0f91a1603b04f0e68f,rear
d4b7efd1373f4495b2b769c39fef83b4,front
6b6282bd84ae4a7a99add11800812337,rear
deff818c91cc44ad97a3be48fbc1660b,rear
4b4c7196cb834f84bc5eef0e5a05dbbc,rear
b0619920a1bb4ca5a43eaa3fd6bd8e3f,front
b27a57ffad3645749b476ffb6f517698,side
a6d040dbbbe347469d92bd07f4a34324,front
3c95e56cc7234cbb94c091531a9d1291,side
161b6ae7eb75475f977338b6e967fd72,rear
836205998c084dbc8ca6a2f123f68aa1,rear
bd8de5d2b7bf4894ae90a938d6bb472d,side
91291523c6614cf58567688ab49592d9,side
bf1ed3402e1c409d93a0ddbf4f5e304f,rear
148b14312dca4e979eae3932bbcb1b56,rear
5093b5d5bacf407ea9219fe375ee60b4,rear