query_id,gallery_id,confidence
486dd80d22f94a5496b3e670b19399a7,75efe5ddef364f49865d9bb283492b48,0.3161
9e1bede2ba464377897f1d482b7c49ae,75efe5ddef364f49865d9bb283492b48,0.3332
a1595c1d280449abbff7742dcdc90b72,13e659415ac84c7a81fc769111d43417,0.3303
58c2bd09ab0c4a56ad05b91a3de36417,23199e1859544647893a97ea365c5c83,0.4223
4d5ef36361734ccdae5d52098bf0123f,23199e1859544647893a97ea365c5c83,0.3874
4d78e6316a014332815f66e59a8a4099,34b736136487439389c10cc6bd4e9f4e,0.4156
4e7bd3e813564642929978bfa51f30c7,34b736136487439389c10cc6bd4e9f4e,0.4469
16bb236a08d141388ef98f19a4ca335b,0accd1d0138b49049d437c0d9b1c23c3,0.4381
6bb81302398a41f3a58838ff31bdb0f8,0accd1d0138b49049d437c0d9b1c23c3,0.459
efa58554232841b693eb71ccc7417f3d,57bcda73abab44ee930b20cdaee9d24b,0.397
9b715a377ba548f682027f97bfd90fef,57bcda73abab44ee930b20cdaee9d24b,0.4041
1423a1c6689d4577818b5aa7d4dce019,ef511457ee7c490c8e10eccf6e18fef6,0.3633
dd907a79f4e744e2851eafcd9227e602,74de04f31db94a99b757685c91779412,0.355
7c541d4fc72e49c0ab64a3c1d0fd1c08,74de04f31db94a99b757685c91779412,0.4392
518c046dd36b449fab3f0ffe249b1282,898eabaaa1a047e18aecbb1c5a8decbf,0.331
623639be18e04aeba2e0129efe84aab8,40f040fd5c824c8e8e710af1fdf70b5f,0.3968
12c13948584341d6a5e45dde227253f8,898eabaaa1a047e18aecbb1c5a8decbf,0.3336
4d070f30ba5d4a11b0b78073f47f11a8,40f040fd5c824c8e8e710af1fdf70b5f,0.424
a376e7d651454d5490a6836fdcfbb986,ce4fdd5499f8498793c11e586f7da70c,0.3646
127639f543af45dba72da3cecff7c65a,da61d9bc8f024a4aba18d5c3072b7838,0.4116
c91c2c649312417aa86fe0975f437d9f,da61d9bc8f024a4aba18d5c3072b7838,0.3993
8b60f7f0b86c4168ad03970ab04f5e6f,6b4676aba2a746b3ab778315afc8ee82,0.4584
514ebe94b40c403482de042102289b46,6b4676aba2a746b3ab778315afc8ee82,0.4004
543ddcbf2bd941a58120dad59c45ceb0,51c6049a18b84ee381d0512e40b67c0e,0.4622
2b96b856fb814e1ea13121869bdfba59,7226603f024c45c6a6e44b00e52e8aad,0.3293
b2bd2aeb78c846db8046a83ff0fa2cd1,7226603f024c45c6a6e44b00e52e8aad,0.3233
dba7a96eede9465fb56a4f743a85c9c0,f12e9e5805534d719f829332d1ea5d29,0.3624
be8193e46ed74126aa2fa3bd4d20feb7,4e4495962a9b4864882397042f1a2b3e,0.3387
e0e982cb170f440b970c9d9d1946f9dd,4e4495962a9b4864882397042f1a2b3e,0.369
e0249c6a39824516a1c3d7d3d47dfde9,78809cb3c6b841a9b8b132133dd6bb96,0.3829
1c0381823ed0499e8e96e4cfd8b9a64a,9c69642fab6749848e7ea7f5406a6da4,0.3074
2282d8cf50554304ab195b1a53c7d9f3,ec07b4e88bea4086a5eafed96d81edb5,0.3228
b0553ed82597421aabe852652c5915d7,174581fc299840e18e827432c0cce4dc,0.4344
8c59bfc1aa7b42cf882806e395ee4fec,174581fc299840e18e827432c0cce4dc,0.4693
ff75e5d8a9bb46c9b12855ec33529f3f,d53fa54d5536463ab0d87648dfc5fd78,0.3931
c2b4fed7ce5c4e108721e62f2bfbb819,6c79712e67b54dd0a11d426a91207939,0.3814
ab1c9263088b477082ee7d7c6f73b671,6c79712e67b54dd0a11d426a91207939,0.3352
54e5b71847024cdaa9fd8a7d3fc3ea03,5363ae1c905d4879a63259de4954702e,0.5302
f124583fb5cc42aa903308e1b43296de,5363ae1c905d4879a63259de4954702e,0.5462
d97ddb9bd5c8460ab3b3a13992c1f179,6fc7a2cf0684475a82f6ff9be2c8e850,0.3117
3bb97a2804c84688a699e6d6b97b5e9d,a35d7304347a4f81b1ccfb086956921c,0.3657
929038d5c3ba4b189fc88a3b127ede72,6fc7a2cf0684475a82f6ff9be2c8e850,0.3417
1d36cd75ee6a4691965cfc6ebdef6a3e,b675be39e8ff421aa59811f146da945b,0.3874
7baf188fc4ed41ba826b499b6d495286,2f0401170d104b47b0a8f087f69dee88,0.3768
6a314fb4bd0e4c2097e70bd43a81fbb7,87fc1d6a57ea488786caaec8599c3b8b,0.6411
9ae6df3c8f2549109316a434d1741a53,87fc1d6a57ea488786caaec8599c3b8b,0.6204
2a8e892e4b784abf8fb9fd55fa443335,797cc520b8c94d9bbef187818ab51647,0.548
1ac66b061b80428b8b3758bc6dfa066b,797cc520b8c94d9bbef187818ab51647,0.599
2390c8a3de9e49be9617b01f4f21dfa9,a297e08effdf4a69a6c4d79a34a0c6ad,0.3114
e37905b36c44400c9dc7bc0c71a6db51,fadf133e0e684a24ac79b5fa9515bac2,0.3121
a9bb430482a1442a958b35a625eecb97,0bd1cce9370a461089e25393086800a8,0.3661
62c71ed913414a6f9456293a4c566314,fadf133e0e684a24ac79b5fa9515bac2,0.3525
c647312353a84341a92cd4486a8b9c3e,7ec1584e9a5b49eab9ef249143d9bb86,0.3779
cc3afd20f236454a8f3a9ff08992daab,29088685e31a4d86b60b514e98117361,0.5627
1e1ec51c4cb84f3285f79f7aeb252500,6fbdacd3d8814ea2a13e81ee1ec128f2,0.4888
082920d4f79f4c5eb2e805b195ac3e89,6fbdacd3d8814ea2a13e81ee1ec128f2,0.4395
759985fc2dc4496abbc7fe23cf71706f,e96fae6d607246b18b8494aabe521036,0.4761
a1b386e9b08e402dba0d820140ba1a00,e96fae6d607246b18b8494aabe521036,0.5793
9f14363158ef49309f13b2aa0692d2a9,033f1514c78b49dd82148b94f6bcbeba,0.3148
ebd3c9006cf5464190f7a5edca24f0ba,033f1514c78b49dd82148b94f6bcbeba,0.3278
2e9dbf0f864548ae8bc35b5c0d70934e,27a67d3e76814297aebf64e03d14c336,0.4853
1db84228548c42318f1a33456931f361,27a67d3e76814297aebf64e03d14c336,0.5132
1b5bba6ae5ff4f568094280de0bf2c1b,27a67d3e76814297aebf64e03d14c336,0.4907
7265c466b8cf411cb462945d3ceb8145,27a67d3e76814297aebf64e03d14c336,0.4263
bca392563d0a45d594ce43a0c540b7c9,b6da55bea1244cf0a753b258420946b2,0.3484
bb39e720d9cf4df1a19e4ab20285bf18,b6da55bea1244cf0a753b258420946b2,0.3687
5c427d65b21d4bf387d1885f334834c7,86179aff3df24ff59b11e9a34974a3f4,0.354
141cab6e49204199a8fb74a74fa8165a,b6da55bea1244cf0a753b258420946b2,0.3469
7f90d0a672a44046bdf2443f14b82cb9,9677dd2a3aae457a8079087ce4177e14,0.551
06aa6a2cf00d425998b1a815f23a0094,74bd120b8f714d03bc9dd1a703fe4d7f,0.554
54a2df3aa63a483b8e33322f74c34dbf,74bd120b8f714d03bc9dd1a703fe4d7f,0.4581
e2d1cdb4f95c4f47bb20f91e77f469f2,9677dd2a3aae457a8079087ce4177e14,0.5215
4a483247df4540a9badb4a94f17d7760,02641488de414b72b63f62b40200b101,0.3947
ca37d7b02d7542a0bea6535a0d193dbc,02641488de414b72b63f62b40200b101,0.5301
ada916d5f8044eba9ac39c104e27f797,6bedb2d6ace34e18811b7f1206b2d1b0,0.5699
985e9b4be1fa45b19b48cbd6b1d37764,6bedb2d6ace34e18811b7f1206b2d1b0,0.5354
7b7e0d3f38a3435a83b8d6fb5aba99ba,5cf392f15360460bae6a6b0182bb99b9,0.3749
acbc17523c034d799301828aef6ae58f,5cf392f15360460bae6a6b0182bb99b9,0.3896
e34f7090730d4eaa871618aa8bb5627d,812a1568c77d46e695f8eb7357e24a0e,0.4126
aff084577eae48fca44757575b1848bc,5cf392f15360460bae6a6b0182bb99b9,0.4446
605d42bbb0154c76b70114f63b807951,30c71719aed84c07ae21d0eff0deed72,0.514
19805d9c7c944703bb05511bc3145812,8889c114b071429cbe2418f5b0f2024b,0.4306
4ed65c954d584e13a9e98e27808e0c6a,a94cb58f1ca8456b96e39b5b1ebfb7ea,0.4581
9d58ebfc8b864b49a9c970a667fff950,8889c114b071429cbe2418f5b0f2024b,0.4269
5e1395d13dc84b8abd6f0452e25b3a7f,30c71719aed84c07ae21d0eff0deed72,0.4526
df7a79cf083f40ca846761b9760fc72f,ca0fe2dd97434e2ca7aecc38d4f1fcd9,0.3428
489108f0d3474ebb97eeace77d5bcece,ca0fe2dd97434e2ca7aecc38d4f1fcd9,0.3133
9cd6d1191c914787875042fd76df0c35,70aa10580bfe4069bdaa5721ae2d29db,0.4215
77f7e4ffce974b33ab54c80177a1c9c0,8746ae2ca7514699b629b4d9b5fe95a7,0.4244
27af2d56825b4ded843852cb1cbe3494,70aa10580bfe4069bdaa5721ae2d29db,0.3566
7a09c2cc2bcd4fbb8b083d6f02a88232,8746ae2ca7514699b629b4d9b5fe95a7,0.3697
7d8239bb435749bdaaba93674e4c0b98,f8856799293e49feab6368e794eb8b00,0.4394
ae918c8fd007427fbc53dbaff23eddbe,f8856799293e49feab6368e794eb8b00,0.4447
b30bc5f593ba46bc8b6fa26692576484,a9573f188204436090fb4a5240e4eccd,0.3409
8b8fe37d85da4a28a5c27452a42435e6,ba8d0208e32e42969bd4349cf24f6ed1,0.4876
a222b9dea1384b57ad0fae45ff950737,ba8d0208e32e42969bd4349cf24f6ed1,0.6004
043d64050fe145349300b95379966923,f2cfa68a47ce4a43a0fe1cc7dc860418,0.4023
ab8935721e0240089dafee6f408c220a,d9096650c434432c871effeca9acd5c6,0.4733
00d0f767535a4289833325887d72e3d2,f2cfa68a47ce4a43a0fe1cc7dc860418,0.4463
1d0c8e601ffb4534a871d984ad842a4f,d9096650c434432c871effeca9acd5c6,0.4157
558c6735b6104bc98ca4b2db381640fe,5c644b51b1394a7b8fa0a9a6275c422d,0.3687
6064cb0ed7d64bde866fe6ad42b6ede6,5c8a8b7a59c54b9aa7b7136fd91b5869,0.7463
cf344978d7a04303b41fa8b37a18c300,5c644b51b1394a7b8fa0a9a6275c422d,0.3378
0e088d9c189b42fba49c31c41949bba8,bf789f42ccfc42c5a330a3f6e30ddb83,0.4474
968aaed29a304ba7b1a1990450602307,bf789f42ccfc42c5a330a3f6e30ddb83,0.32
a340c00c29c84c2e841e61bba8c9b67b,e511c40ca6324803b5021e47b4e777f8,0.4218
ee8c72e038f140a5bc9cb4770711253a,9948a890ef25479e834f70944cb42eae,0.3758
1a24459300a447d3a68d04bf7b154891,89e983dca0a34b768e17b3871b9cea1e,0.3382
37cd8f1e7c334f42965941e69fac45d7,bc13c2b0221744a29a8ddf56aa015df9,0.3128
e6c222899c8948ca8776d43041023512,6c874292dbcc49ff8bb8bbe5643593a5,0.4187
406a4cc04a7b4bf1bedba252a370170a,b77d8b7bb0114c379139d280a9210e83,0.3786
9536a093de5c454f8107c944fdbc4de0,6c874292dbcc49ff8bb8bbe5643593a5,0.3547
ee26c03d830d424ba086d493237a5c76,b77d8b7bb0114c379139d280a9210e83,0.3453
4fd6e570dc5a4e03bbe54c468c9a570c,191b01e1728e4583a8ead5a86db27370,0.3322
c5cd895ffe7143f7b76b9704dd73a0e1,27a67d3e76814297aebf64e03d14c336,0.5026
4fdf4fbcd0c942659a768bc44c26e36b,e8c8742459dc48a49080bf0e5b3fdee0,0.4925
e713b8481db84ce48754efe4036cb367,e8c8742459dc48a49080bf0e5b3fdee0,0.4746
2c6a9ad5618343c3af68eb2b03c705ca,67984873125e4a0f9562179c906d1b0f,0.3825
a140cb170b604376817a046b5c07af44,4c293487c809486585d65ed10b2cb1e4,0.379
0b381fa026434777872d3b9ac3c227cd,6b4676aba2a746b3ab778315afc8ee82,0.339
125d9c4bb335433bb1a04d677002207c,59e4dcf2794943b18fb902a6eb475ff8,0.4381
dc06b2fc4efd4a42ae957e86afc762c4,664da77d25e74df693eaad44a5e7617f,0.5339
ee46cf904fbc4ddfae1da60297817b48,59e4dcf2794943b18fb902a6eb475ff8,0.5272
2d078fc2891f4628914aa44ba8603a04,59e4dcf2794943b18fb902a6eb475ff8,0.9033
e394d55c1e79420f832b2aabb8a96d39,59e4dcf2794943b18fb902a6eb475ff8,0.5143
946d71a18f264ed887f55c1a9a2ffc4d,4a7fa5a1bafe4b6995e2920444ac07c4,0.322
e89b67fc618f4ccc84877eb31c645e09,4a7fa5a1bafe4b6995e2920444ac07c4,0.3162
bc267c43ca1f44febd9e7093727ef543,88353d1136d24836816b073de62e5f50,0.4219
01ac8202a1f44b648edeaa48d9b3be1c,88353d1136d24836816b073de62e5f50,0.4776
3f6590287d024cde9a430ca74bf005c7,00fb3a55134242769182c520d55681a2,0.3124
c293e0f7c0da40049992e9ce791370db,b00b2395b49949508fade89bb3eac98b,0.3062
0cf92dcb9bc94f0697e76d4ccdd96aea,00fb3a55134242769182c520d55681a2,0.3402
0defb2dd1f4e42b8867d78c68c45bf69,b52468fc0af2435f9ba91939f72bbf6a,0.3198
7e165023b13a4ea89bb41b86336ed275,673aee19895b4d339ada93213d8874ac,0.5831
bbd916e845d14857ad0f48dd4693ed85,7f0b453cc8c14156802497f5cbae9d62,0.6627
e74837fbb60c42a4a65d86d1568b4649,e59dba65749140f4a1bdaf2695de2fc6,0.3927
a3a3c4b19635404cace83ff7b80a1679,5b588e34588940788a22036b775ecc2f,0.3617
72772d2296a24491b21db0cf0ffec2cc,15b7b988bba143989cfd98d5c6c4d203,0.3933
3c36c01d06db430891436e7338519629,15b7b988bba143989cfd98d5c6c4d203,0.3869
27f5e7c9028741ea99cbf424d87b7f8f,4385ac4645b34f3c8a44c4676ebcd8be,0.3725
1ff1f628d46c4fffbf9a44323220d682,cb2505b30d8a4dc086c353cf94424b6d,0.4287
d12ab20387aa452093121c89f55faef6,b2bcb4d9456c4763a0159ffd1f3660bb,0.4359
cf7d4b9d3c9c4789b84574f7294511e4,cb2505b30d8a4dc086c353cf94424b6d,0.4605
ebadbbba9888428c97cd7f6f9d614d2b,b2bcb4d9456c4763a0159ffd1f3660bb,0.4101
3ef127b149d24d42a5b4d73a369daeba,8fdee0611965465eb45387b8c39f4136,0.7884
86cc05a71e4440cba336690dfa0149ac,8fdee0611965465eb45387b8c39f4136,0.7539
dda93eeaef8c4891aa99f6851955606e,65e30dd62cfa4dccb9ea4d908a9d6fab,0.4499
1c7e49f7fcc1484593f48dc107e63996,65e30dd62cfa4dccb9ea4d908a9d6fab,0.9044
01b3be2b5b2f4891ad053f74f427514b,65e30dd62cfa4dccb9ea4d908a9d6fab,0.4484
6da229c88f574b79a9aa35557565a86e,fc70a4c2c4834e0eba1a14470f563b03,0.4535
692f47ec6a394c83acb7708bfd6c7c96,4230775a9d51448396cacb9061f0e5f9,0.3778
f880dd7555534b77bb131f2d6fa4ab37,fc70a4c2c4834e0eba1a14470f563b03,0.4599
fc88a18e8b6343d3a58e4aab7a84620b,4230775a9d51448396cacb9061f0e5f9,0.4089
b715f62fa2f14ddeb98cb30d9c54339d,9ffa09a2b9bd4da0ba98fc537ca68802,0.5752
07cc561ef3f04e93a701b6919ee81175,7c061d36393540b49e20d98086bdb5bd,0.3749
cb80f73ab9454fa798342057923edd40,9ffa09a2b9bd4da0ba98fc537ca68802,0.5093
c7fdef440d9345c6b34634ef46754490,f4b7e6e902e344859cb041126b69ce3c,0.544
f94bc288e76b4781b013d419ca5295b2,415641aa43724ed9bc4710302b77edc3,0.5645
c6a1eb4b8cc74dc0a3d818ef10b1b04e,f4b7e6e902e344859cb041126b69ce3c,0.5363
f34c07d2f2ad4b4fb027ab3f4c68bffd,415641aa43724ed9bc4710302b77edc3,0.5704
bd6f2e8af94548da8676de16a6853e69,d87e5facd03b45f9829e8a1cd0fe0190,0.4793
af596599aa804ad2bbe10c2ddf0b3e34,d87e5facd03b45f9829e8a1cd0fe0190,0.4675
680120b1438b42a3acd998a7e00f02ef,0568345606fa4a2c84ed4ea6c74639ee,0.3523
5d17356d82d74aa3a6e6f979ef1796fd,0568345606fa4a2c84ed4ea6c74639ee,0.3636
6b3c7ce1b5524d3e98acc2312a661188,d7618b61a65a4bc1a0d0f2cc1bddc448,0.9568
d31bba63f0c74cfd9135ddb2ec58f186,8c5f38853679436ba434b6a696e43168,0.4871
908351dacb5c427f88bd9aa375503388,b64cef9df31c4e92a7b7ecd42f74f396,0.3631
33683cdbfab14a3f8b56e5f75d2b3d00,b64cef9df31c4e92a7b7ecd42f74f396,0.3576
cbb9562935ed4ec7b4fbd9c04a1c17c3,b64cef9df31c4e92a7b7ecd42f74f396,0.408
2093ec4e54224ee59a6b3df761f52ad4,76e41369a6794714a9fab6968839bfe6,0.391
034598db2c774843ae5b70f89a468dd1,b834c0b0c10b471b87ad3f11468de619,0.506
e1b0c09a4b5745ba87cb45d6b31cc047,8c7c9eaae41a44a3a4ebe39ce167d300,0.4849
2ee4e4c157314893ac1677408acd1e13,b834c0b0c10b471b87ad3f11468de619,0.4846
d2d1bfd6b701442bac97d11e1bcdcbff,8c7c9eaae41a44a3a4ebe39ce167d300,0.4585
f22180d73d204b929c77cc738c93dec8,7627d5e28ba74cbeaf9225e88a7a44cc,0.3586
b43451e5261643dab9a0627813d31785,c36ef11228124c438ed3256c9822b03d,0.3034
89b4973e66414223af70d8648086e97c,c36ef11228124c438ed3256c9822b03d,0.3361
cca9ed42ea00433984410ed65b0435fb,da61e0de396149208c9ebd0fd6d7415d,0.3021
77823865299d48ddbce6d7d7e199814f,e2e0c8c96aff4c00896ac6986bbb20c2,0.3325
4a03d80a56a24730b633957fa5195cf5,e2e0c8c96aff4c00896ac6986bbb20c2,0.3021
ca687051622e4c35823d965df0139509,3d3e8565d2f84e0cad5ae622f2909765,0.3538
62cb56b35d3847a2858dee237b0a7f1e,f5a9583711fc4ff4a46e85c24886b234,0.4766
ad43fc3957284bd78e7d7c9aa5ab29c0,6252aa87531748e5bac5f6c65fc87e14,0.4397
5871998e8d6c4a9090cdf17915017027,6252aa87531748e5bac5f6c65fc87e14,0.4536
102f600a8c1740ac8a06de1b28c5904e,78d0265d47df4f4cb7153da919763730,0.4222
f9be6242a66b4efabd439a28435cee95,30f654c6e69e48888f9f42dd95ab3c77,0.3742
10ef6812f01b471a8e48fa8e99c81735,78d0265d47df4f4cb7153da919763730,0.3341
fb5376db56af4ab4b8ea6d46d191ad26,cc243eebbb2b44a581745865a60c423a,0.4141
a0e60ab432b94ba291505c129ee405df,cc243eebbb2b44a581745865a60c423a,0.4464
0d29840b4f2a46659bf734b51438e6ac,225818abe99e45a0bf5b0b3ec30db76b,0.3429
62865ed38c05470a8919d1070402fa6b,225818abe99e45a0bf5b0b3ec30db76b,0.3527
09a6f25650ae474385eb70217f8c4843,e4e12f4711fd41e39075e26cc274df45,0.3885
86e1bd5f53b148b9a9522847363630bf,e4e12f4711fd41e39075e26cc274df45,0.4044
aa561064498b402993740579853c84fc,e4e12f4711fd41e39075e26cc274df45,0.442
de4bd1f38ae04b8da3f5f36bea97276d,2b3ecf8be2b242f3b8a1e714390749fb,0.4437
3dc160c26fc64d45a5f1e9756e6b1025,04fa591263664fb0a6868552ebd3590b,0.4602
f7cfc69b28204d1681a71216a3dafbff,1419b2c686f44896a0ae2a43e93b5402,0.5025
7e5d9f74b6724f59ae0911894a898253,0eb119aabc884795a4768c6d3e677ea1,0.5312
966a64e7651f4b2499587effd1600e97,04fa591263664fb0a6868552ebd3590b,0.5271
a03259710e6344d1b817f8dc53d9384e,7070715ef90743da8691dd4ad134eb0c,0.3302
8c3f25890eab46379974ac593d629515,f37d285ad0de42f0b1546d0d1acfb221,0.3263
1dfd4a798f224e88a6b4c2980cb31c82,f37d285ad0de42f0b1546d0d1acfb221,0.362
9174a7587e5048ec86bec7afe80e268e,e4fcd30261804b089efa940359057ba2,0.7353
bcfc6cd4aea34c78891a701698ccb953,e4fcd30261804b089efa940359057ba2,0.597
f2a05ceedacf47b598b2cd3dbe003966,b5f237fefb38465bb6a068c9cf75ba31,0.3846
764c5cb76dcb4650b8b0a50cac981edc,016e634d566b49c199d07357aae9bf33,0.3874
c50ae9cd7ac5469daf32b2a1a1d81797,016e634d566b49c199d07357aae9bf33,0.3489
e9801f8810654cacbcd517b25b89767b,b5f237fefb38465bb6a068c9cf75ba31,0.3568
f3c68b7ff0f344569399a04bbff5d1da,40a95697730046dcbb0d7ba1fe2109a6,0.3779
ab0c7be344d7444bb59fb3b065a71c88,40a95697730046dcbb0d7ba1fe2109a6,0.3929
2071beae14fe435b9e3943e22e8b430b,ef8c056ecb524439a48c881089537951,0.4495
40eb15fd325c48bea6a7988ce40cc33b,ef8c056ecb524439a48c881089537951,0.4744
7be90785152d4e01b53aa4b1f3c74097,f6207eb593394ff78e2cb35057477422,0.4579
61e3c16563b44edb85bee0caf5de33b0,f6207eb593394ff78e2cb35057477422,0.4723
79dc8e29d2a747c793ab1fe11ba6045b,00fb3a55134242769182c520d55681a2,0.317
dfc436b508974e349cbf602bb7fe9b7a,43464ed6733f4642a0b90e7d995a5e40,0.3253
c59bf6abbde846999988749ad22b52d3,00fb3a55134242769182c520d55681a2,0.3513
0485db5bb76a491782e78c6e98f4c913,636c21e19a5845e1b8d69a5fca928030,0.4116
38535cc9165a4684af9a3ee208dccb9a,36ac84a73ad34261ad45cf569edb60af,0.3194
e0cdf7eb868e4cf28007a946c4dcedcd,36ac84a73ad34261ad45cf569edb60af,0.6436
966272e605644a9783d154f8e2038dbb,36ac84a73ad34261ad45cf569edb60af,0.7088
9fd9ddafbc6c43a9982d0ef0dcbca940,36ac84a73ad34261ad45cf569edb60af,0.3527
4aa3ef7644b6471b805cdbce95bcc6b8,ccb62901750b4d13a922fc161b607f83,0.4483
d19e7fd5a62e4d28bb80ac4eddf34d1c,ccb62901750b4d13a922fc161b607f83,0.9206
26da5929257a4a70997444abb7ed9998,6866efc8987a4ec8b04b7abd28fb5777,0.4618
9538feefe1d84c03874b872ae3f48947,ccb62901750b4d13a922fc161b607f83,0.484
03b02260fc474ab29d5d6a1398847a2a,9a500a20b1ff4694acc31339a8d1349e,0.6514
f19622c340af46aabec5a3eebfea35fa,9a500a20b1ff4694acc31339a8d1349e,0.7347
b2c57f611c954c84ad5bc681d1798dee,9a500a20b1ff4694acc31339a8d1349e,0.6499
ba97c80ce0a5461d938b43cfdc812679,e79ae27b52fa4d54aa37735fd275c66e,0.3106
eef39c9128b1421cb4e7b9c83fee0c82,b9228fdb5f0c413d81cffb51829d95c6,0.4677
8a738e1a32764f6aa0c264a4a08e2942,b9228fdb5f0c413d81cffb51829d95c6,0.4377
1d83fbe02659440394a32de73b6c18a3,d60986f4025d443ea58adba0e3d224a1,0.5362
3cf470f9d76e42a68e48c748b6c793fb,e9428816b054499298745b742f128f65,0.545
168e52d4211e47f9b447e33469c72127,e9428816b054499298745b742f128f65,0.538
2cff6320a7ec4c2aafba5c1e3318ddee,d8b3ad3b5c4e474db41a671ab286424f,0.3134
abadadc5b9f748f59edd8d3abb4d3a01,d8b3ad3b5c4e474db41a671ab286424f,0.3316
6e03c908e766447c8bca6c98861b5a60,6c79712e67b54dd0a11d426a91207939,0.6018
44483008955a408db228e36e7af53fdc,5363ae1c905d4879a63259de4954702e,0.4337
42507e0cf2f146b4a2773c26d941610d,5363ae1c905d4879a63259de4954702e,0.4482
fdd87abf600a4abaa1d0210384b5076f,6c79712e67b54dd0a11d426a91207939,0.6264
bd2ab791b5d947aebc36dd63a25b782d,b6c493a3666c4db193e86c79faf099ab,0.4189
f97b6d6044f64e668c6bfa4856de6e2e,b6c493a3666c4db193e86c79faf099ab,0.434
884628be75bf4632adba41416b2dcb2d,f65b6fb5b40a49d1896de7a115469d40,0.3878
46dfeacada264da795ae8f40feca0462,45f4192f485a49d9a75219ae4d0c41ee,0.3699
40f9434041994e2ca0b5307725fdd4bc,ee7c00877ae64dac87123a3d75251530,0.3293
75978aae26274d9b926b0b08cc16950a,ee7c00877ae64dac87123a3d75251530,0.4734
7fb1043e17c142cf8bc1704c263ae9b4,701ac1447f5a414e81156a56c3593a31,0.3586
7c0b316dd59246b4ba2bbf879d7c9d74,701ac1447f5a414e81156a56c3593a31,0.3363
d1c6d2db55584c7e9425bce6b4029bcb,2fcf4a04d3654ffb9a5c1dfa3799e4f0,0.6592
70e2b8adca1a4fae93ba2708abc854fc,2fcf4a04d3654ffb9a5c1dfa3799e4f0,0.678
44b51300330643689a392e7b77ce78b9,8ebbcf8e4e6f400ba1839e9d75806274,0.3157
a59bcbf84ffb47d0abaf3c42791c4eeb,59f62d35b1ad451397b700b3dad25448,0.3908
b0133b20a5a9444582fbb510d5158e94,59f62d35b1ad451397b700b3dad25448,0.5953
e1236162007c4212aaf19e0771d4b741,f31e9fdffaa642ed98e91b07a30f3a8c,0.4383
00d00578efec48fab535293ac554abc7,f31e9fdffaa642ed98e91b07a30f3a8c,0.4452
4aa0e4f3efc14a9ea0bce80841eb621b,e79ae27b52fa4d54aa37735fd275c66e,0.3188
497a54d4f7074270862214aee7e64871,e12ad1ce8e7940a999b9a4f91a95fab7,0.3038
1916331efe4549b3be624c41a1538927,8dfe01febd46475ab5aef97033716ce1,0.335
6d337f44e61147928e64eab798fe3328,d695b7afdc3841a28a56df578e56afce,0.3586
5f108ee31ee841e0a7a9c47cc18206be,b6c493a3666c4db193e86c79faf099ab,0.3266
747ff46c283a4c069b67ffbf8e5a07cb,4254f6eaaed746bea797c3522036fc12,0.3332
8f0d666c50404645b13bfe3e66f42211,3cb231e1167e45f9bf5771a4e0074092,0.3905
6ebcf08b1bfb414a81cb644955467ddc,3cb231e1167e45f9bf5771a4e0074092,0.3768
ba3cf143599441c69bb6e84716c550c1,b90d74e80c37486eaee89b6fbab13671,0.3316
f9c6d687d22445a3a42bb5ef26f1efb1,5cf392f15360460bae6a6b0182bb99b9,0.3539
55ff335679e94c7e9136c35ec45ffe08,4d0a737f396d4a95808085bd1306746c,0.3073
2d18983b2c08444f9c28b8ff9d211b4b,4d0a737f396d4a95808085bd1306746c,0.9676
d8a7ca9c214246edb53a05f963f18ae2,d25e6f2fc8154dd7816f8f7a41bee12b,0.4082
57062952f9e74d028985df841b24f285,7fe9e665bf41491c9788941aa2894a10,0.3894
5d12bfa69be74f498b42610ff9736913,7fe9e665bf41491c9788941aa2894a10,0.4654
1ac8ca7603544075954a8714e1990e7f,d25e6f2fc8154dd7816f8f7a41bee12b,0.3812
5c82142a41eb4fa7a6f77361c5865f55,a7077a82d2c74518b96fb45e35f6e150,0.4424
7c97ff590ca246898e57f4f75c6d9880,a7077a82d2c74518b96fb45e35f6e150,0.4451
b439e61143bb452198ea7179e6153565,714e47cd21e5416f864a4bc938850a72,0.4699
fd60a3efb7074ef7b1e3aaf40201c970,714e47cd21e5416f864a4bc938850a72,0.4774
74279677b01649fe9c9330832c44e188,7359a1cc20d54f96aeea121d7247b88d,0.3375
76f1a57141c141cf8c82961ec4686a1c,bbdf9065122d499d9d8f80ad3e0ef6f3,0.4777
22afc0397a0a4324acedfe7a1e698dc5,bbdf9065122d499d9d8f80ad3e0ef6f3,0.8018
8bb786e1ae9e46dbb6ebe4f36bb30022,fc430b7683934be2aba12468b2409bb8,0.8557
afdec97feacc44a4b83541c2e0c7a33e,e8927e14983a43da900edd926dd35adb,0.4226
8756904ecec04706890eb72f81305ad8,27a0d24dc1e14b28a1f18456b29c93f1,0.4049
8b8151048f8d4951a310c33c9a5d2c43,e8927e14983a43da900edd926dd35adb,0.431
e12c80d95476447dba9b11c911992609,f532294d68604bc2aa9ad8804a8c6d5f,0.554
7c7d36ea7b1242068efef6a72b998b95,f532294d68604bc2aa9ad8804a8c6d5f,0.5287
b6031a4a73c94a459b6d26c1d8829bd0,71d4b4036e594d7399506e6fd9b88063,0.5383
cade21dad7f74878b910ad5e0060d6e4,71d4b4036e594d7399506e6fd9b88063,0.5399
21354b108cee4d5a8ea7b2d1459410d3,716a15d66b63424a8068da89e75733b4,0.4331
e5265fd04dc84392b38bfe8ab07708b7,716a15d66b63424a8068da89e75733b4,0.457
abaa87591059401aa7cacf5863a34f32,88f796c14d184ecfaa5b0109161db259,0.5878
f94a7e7419784d4ebda0ff5f8ef3c9f5,1a842f077119475794cc2de48e154374,0.5244
cecbc55e0fe942e186be8064a4ad80bf,88f796c14d184ecfaa5b0109161db259,0.5656
80d47a70768e407bb5a1cd495387e011,88f796c14d184ecfaa5b0109161db259,0.5607
d1c3c4008d3a458ca5c2438615c3a113,3e923b6e3ceb4901b77c9a18729546eb,0.5728
86bed733c05f41519f76576710fcce05,5e0a2bc284cf4002914ae4e6aaef41e8,0.3976
cb1eb8a8b7594957b332dec5dc590436,5e0a2bc284cf4002914ae4e6aaef41e8,0.4252
7dfc06c380304101bd335775988b2fb2,3e923b6e3ceb4901b77c9a18729546eb,0.5542
ed4102db144043b6952d6cb9acdcc007,7c061d36393540b49e20d98086bdb5bd,0.5934
0020ab6d2078440b870ebf4a01c0351f,7c061d36393540b49e20d98086bdb5bd,0.5632
d3fc0aaff9224a678bb3210f1e8767ea,022e16490d1949b9ab2fc1de5a837031,0.589
8b37e7b8f87749c48d81e99c8d376700,022e16490d1949b9ab2fc1de5a837031,0.5763
2e9248c10d1044a2a090d3fa4aa29fe5,f8856799293e49feab6368e794eb8b00,0.5062
8d4f78a13e3e4f569761273ba212d220,babbeca1f6a244a2a11ea77a3855e70f,0.3821
5487b0f31d2343fea0caab9f145c7a40,938147b72e9540da8513910871e0830a,0.4148
678907f3b26242c9b3555311ee9dbf79,f8856799293e49feab6368e794eb8b00,0.4723
2b8cd6d21f1d45bb8ae377278a33d5c6,45e440d874a54bb591862ff441114cd3,0.3658
9d66c66d77b74f5da8cab53f98ae38b0,45e440d874a54bb591862ff441114cd3,0.3736
56efccc089ce469697f14a0e2751fe90,e06d08ff594a4acbac12edf579743fcf,0.3339
e31088791958477299febc77d6975d33,5e44915237fc4445b54b037e1c4e29a4,0.3873
8dfe042169ed4a25b339fab1a8f0f16d,5e44915237fc4445b54b037e1c4e29a4,0.3735
724bf6d6ea0d432996a6179d83a8742f,e06d08ff594a4acbac12edf579743fcf,0.3136
d627c1b3e1d84eaf95b43f0b19887946,bfd1d441da734aad88cfacdab3ee4059,0.5582
62f80659cc834d849c6c533c0376e039,bfd1d441da734aad88cfacdab3ee4059,0.3021
ed92bb218d234e48ac3d86b2aa76aab3,bfd1d441da734aad88cfacdab3ee4059,0.3794
ff83f47b54ea45f188b7e4f0e1004b41,a865b8d581b44104afe7c8508e3486f5,0.3131
994020e88b914429981fbfe2cfa5e565,a865b8d581b44104afe7c8508e3486f5,0.3404
be1d69a178cf4f6eb0dd17f1c8ddaeec,910827a15eac4e4b9005d8e46ad71f6e,0.4186
95430a01e9424f2fb85d7c054d48b095,910827a15eac4e4b9005d8e46ad71f6e,0.3401
2a4d82a3bc464739aa7001ddadab5941,5f65785004054c67a618fe43b6a30f56,0.3819
7edf2ee95e36433ab46c330e885c1d39,82d68ea370f8451aa16ea08f4601245c,0.3297
c471650b1b634a97a2a0fa5c4c193821,5f65785004054c67a618fe43b6a30f56,0.3829
ea67a7776ad641bb96024eb085c8da08,8b4e9e3d234e4eec99a7651e246bbfa3,0.4143
85d7d994d8a648c5a59c2973bb1bc507,32aaca2a732f4272b237374d3cdeec90,0.4917
2103b437c3c1452a96d8e7e1e5e20cc9,75efe5ddef364f49865d9bb283492b48,0.478
21b1c7bbd46b4c41a0df6625bd007760,75efe5ddef364f49865d9bb283492b48,0.5019
14ed0bcfd70f4e29b824ae027aa62fd7,9948a890ef25479e834f70944cb42eae,0.3088
626cb3b50e974ad681234aa162f908dc,097c30a7f39a4a3abf6da2ca80cad3a5,0.9646
94f452ef32d5484fb3f57a09817b9f1d,18ab15fbf00f42f7a410ec75f7592bea,0.3605
535a28e902f348a580ea213312ceb00c,6af17cec494c4373a95865d270a29171,0.3698
e15e47a180cc428db81815b4d543f5b2,18ab15fbf00f42f7a410ec75f7592bea,0.3529
da51bfb867844c51948b40b82c100086,f5bcc6f48ed2447581b401d453039866,0.395
ac80730acb08455c893a3d869cfc6da4,f5bcc6f48ed2447581b401d453039866,0.3894
f9840dbad6f34d8dafdf0b5c3bf04cb8,095ac293b64a4a58b1b3d3f71453a267,0.4377
08f68074e69745d0a65e386ce21fddc8,50aa0f56e00d4c23ac78b3e63bc0f0e1,0.3767
68465053fe3d4c0bb46ce2dd5bd8a32b,50aa0f56e00d4c23ac78b3e63bc0f0e1,0.4881
893596ad13e54f2daf6287092d79d6ae,50aa0f56e00d4c23ac78b3e63bc0f0e1,0.5029
603dd3df1374474d9bb550bfa01147e6,50aa0f56e00d4c23ac78b3e63bc0f0e1,0.4403
02de17a638f94e98ac7dce22ddde14ee,a2612682d9854a30a7684c91c8619ec9,0.4717
902d22a8d96c4f0ab484d880bfc2e287,a2612682d9854a30a7684c91c8619ec9,0.4894
ae7ab0c6a5a14d8e8586a9699557a7fd,5c644b51b1394a7b8fa0a9a6275c422d,0.4809
b0bed57573cb454590995348d9c3451b,40a95697730046dcbb0d7ba1fe2109a6,0.3539
7599a56ef38f493d9ee1b47c9ae8fb02,40a95697730046dcbb0d7ba1fe2109a6,0.3911
92568b35bd5b40c6860861e28db2deb2,ca0fe2dd97434e2ca7aecc38d4f1fcd9,0.3264
158d18f87a6b42b483a70835afe005fe,ca0fe2dd97434e2ca7aecc38d4f1fcd9,0.3699
0c0e949f7e9b48398fe5eff0d7dd803e,6c79712e67b54dd0a11d426a91207939,0.3808
4ea8b345742042fd848e678d308fa183,a5d5fb459a1844088e93ae557ab34afe,0.3307
37bffb22be1b4b25a409e630b58bb3a7,636c21e19a5845e1b8d69a5fca928030,0.3031
173024800a4148a59d834a44d0998dbe,06b7dd1b701544ac80dd7ca54ed707cf,0.5319
04f607a8dfdb4e6f8c795634b207e615,de1102228a324428989533278cd482f6,0.5026
29b78bc662074f5abb91b5e7ee16deb6,06b7dd1b701544ac80dd7ca54ed707cf,0.4805
bf6af233a7fb4678bde3bcd210972057,de1102228a324428989533278cd482f6,0.5008
3444cb452c4d4832b75091f5da7012db,06b7dd1b701544ac80dd7ca54ed707cf,0.5261
8f00737911424dcdbc5360702808b86e,11e1e3cdfe214385a2c24d0f957dde9b,0.4344
d7fcb70c976c46d3a977d1bd3acaa7b4,11e1e3cdfe214385a2c24d0f957dde9b,0.3038
172e27e7700f4ca399b42d88a4f1c140,e9428816b054499298745b742f128f65,0.3035
3106ad6941604756bf3bd61f1cd9709b,009be1c3430743ff9b054bdfcd6228d6,0.3521
dc46278e6e01447e8c262d2884fdd9bb,6c79712e67b54dd0a11d426a91207939,0.3918
8ba5ddc596414a9695e18a68ace669d5,6c79712e67b54dd0a11d426a91207939,0.3728
cd3c7eb34f6f4d45bcd3a71dd304f187,13cda6e8f2d948eeb5508288a172e76f,0.3665
c0ca3c37cd574f37a90afbcab9554fb9,3c72832689d8406996e80893b719b974,0.303
c7dcc094c48b40fd94db148562b6f0e9,77c8b175ca9d411b8d28d1ed0dc40304,0.3799
ddd81e0cf0bf473caeae21db037c05f3,243dbbcdc67c42bfa6f32c47477adf6d,0.4046
c7a7fb2ef38346cab2c63eb4b30f835b,476ce3ffff564a5aa985808e7d2cab17,0.4013
53bb342b2fbb403cbc5546f80ef1cf70,243dbbcdc67c42bfa6f32c47477adf6d,0.4296
320e73d1bf40458380ad0ac60af40a94,476ce3ffff564a5aa985808e7d2cab17,0.4001
4a790fe3c73f4c1f9565d50067722fbf,0cdb0f32850f4585a16de4886462bbe0,0.4286
b374c835abb74519904d89a6f4367ea2,076e2669c305401fb3afcfafdd6c79c7,0.3344
358dc33d74d3427697ddadedc1d2a83e,076e2669c305401fb3afcfafdd6c79c7,0.5227
1840d3d379eb48cc97d68a3c7ece76a0,04d24d1cf42b4f7787d8d300cbad6d50,0.3767
11c35b811aae4a88b9417172320999bb,ef511457ee7c490c8e10eccf6e18fef6,0.4127
6dbd11275bf1493ca16a6492ba2f511c,04d24d1cf42b4f7787d8d300cbad6d50,0.3886
26f693acd01d492bae2384f853a7924a,ef511457ee7c490c8e10eccf6e18fef6,0.4146
9ec6567a98fa4b3bb0c40f6580f8688e,3aaea7fa41fd43cdb88f8ef59062c5df,0.6038
d16732c065604317b9457f0f53b9e356,ff276acede2f4c14876ef47257758ae8,0.6284
805041534e3944d4bf48b927f4e971e1,3aaea7fa41fd43cdb88f8ef59062c5df,0.5137
f25d93d4fff845dbba58d34a9ba4da56,3aaea7fa41fd43cdb88f8ef59062c5df,0.6231
ae2ef12666344157a4a58eb1012bea10,f3fddb55448a46778b5d807642cceb71,0.4319
c007e0935fe7472a9ef764a15c2bae1a,f3fddb55448a46778b5d807642cceb71,0.3388
ca758fdcdecf418c8193105975e32b5a,7ef653f7e5f64e1b8bba73b9518b87b7,0.4451
bb7eb4ba9b5943b6a61ff124ef6239b4,33e2a95109e647cbb4ba2687631b169a,0.3027
e1d35002bf604e59a1a055673b110d7b,de1102228a324428989533278cd482f6,0.3799
409ee169523c45b0935d17521c001655,77d8e01a914d4f4a8b87d407e0d741aa,0.4382
3c0da2e0535d4efab77b6201db1866d3,f2ef424352f14dda92691047ee9f15fa,0.3039
1693abbd511b40648b18f87e485be585,19b81e71e7f04ebcbfade9daa899ed3d,0.8288
220c7fef1fe54586b4f4c4ac80924512,f2ef424352f14dda92691047ee9f15fa,0.37
995e4d102a3b41e3b4c81d2e30253554,5760084aabef4d8095b2d21902151f64,0.4691
32b2409ee0304c6f8c633cf2838fc107,0a61f52258f643b6a6436a1ec234e197,0.3356
38393c2659214de8b744a8747b3060da,d9b70c4ed8bb4fc5957ecebf102528ee,0.3568
c425735cc2d645f89ae700274561ff76,0bd1cce9370a461089e25393086800a8,0.3565
d37fad90466d41fb99cc1281af258b44,d9ac372330a4446886fa19bac0d19877,0.3615
8f59b2636caf43f29362aad398734e84,0bd1cce9370a461089e25393086800a8,0.3758
92e239ee1c9942eda10a987e5a192aad,d9ac372330a4446886fa19bac0d19877,0.8347
6ca76ef7aa7d4121a75374b29ba7d263,d9ac372330a4446886fa19bac0d19877,0.334
795efbe9c2fe4b3dbc173c89167f9163,211ef3181e524685866fb8574d9bf456,0.3621
2be3682989f94c34b19ee0da04571f91,211ef3181e524685866fb8574d9bf456,0.3746
fc791f8358f54a66be0e95f809bc8e2d,7aceed0dbea645b091207f4a53d879f2,0.4783
ca6805db708f46198fe4e47abb975231,17b5eb6fab65476f827dd355b4a20a55,0.3026
98ab5e0cc5f8413e993869c9729b464d,17b5eb6fab65476f827dd355b4a20a55,0.3993
6cd0e8707bc64b2a808ed3479ee223ab,597aab8bb15240f89fd1b24a8e38258d,0.6225
dbec5198890f4c209fd8ef08d73c40ce,acbf8eae7e064c11bab7adf66f216990,0.6667
ee7c4fd5b21848a380cf4e90f9f5cdca,597aab8bb15240f89fd1b24a8e38258d,0.6878
b0a8fa5a4b474306b97fd69abcdc245f,597aab8bb15240f89fd1b24a8e38258d,0.5352
ee0bdf8b7e3142509f97816c8fae19bd,86f59bd78b424260b0cf356f2f9ae734,0.4576
a0b880f475f147f08f11e0a27dc48fde,7ab9086baf99475d8c93862a7dd36344,0.5043
fad484e776d145428e5c2ae92aec4908,7ab9086baf99475d8c93862a7dd36344,0.4816
f2b99340a8304f42a058a44fd793927c,7ab9086baf99475d8c93862a7dd36344,0.5321
9ad1273ff93d4e9fb7ade33dd8e0ed98,7ab9086baf99475d8c93862a7dd36344,0.4369
7990224cfabd448689a4ce3026d9fe41,36ee1613abf245cdbe93fef69b5f981f,0.3149
fde89e1ecf8840fdbb45c55139eec70f,36ee1613abf245cdbe93fef69b5f981f,0.3483
7141972968b840058e50af9c047f1975,236c362d8b664c93b41882c119df9706,0.3401
652ddece31c14123bb00ca0f797d5627,c3502ff31ce6459a96164c934f297562,0.5991
d6305586e401475b931a4998caeab35e,5fc200cab89346658c9c91cce27e85fe,0.3038
b1b3c914d57442e687d0d798f678582d,0e8487b2e6a2439b9e6623a1e2e5e19d,0.5508
1e71c6d2af1b4a24867e8235df8f68be,3f28365e18244eb28cc7d23de8895956,0.5553
10a5c96cf3974eb4a43ee1190f555041,3f28365e18244eb28cc7d23de8895956,0.5381
e06807ddbe0f47fbb2131d40df566c5d,0e8487b2e6a2439b9e6623a1e2e5e19d,0.5437
f191bbfff07e4252b111e35c94ed290e,40a95697730046dcbb0d7ba1fe2109a6,0.9235
3933d083cd9e45fdb173f91329f16538,40a95697730046dcbb0d7ba1fe2109a6,0.8873
643c0eec1efd4728b8264ce4fed0d3d8,8350ea8cd6514c2c8d7b625abe7e895b,0.4406
effe6696627f429091a6dd53f02eefb5,384f94503bcd4f4c863056ad69f45b43,0.3685
8fb15d3cacbd407bb226320c3829b9d1,8350ea8cd6514c2c8d7b625abe7e895b,0.4624
9c535651e4904df1a59b82bd2baf303f,40f040fd5c824c8e8e710af1fdf70b5f,0.6567
aa2f3a01706344a289a355c547d3ba1f,40f040fd5c824c8e8e710af1fdf70b5f,0.6479
67c8a3a3a76f47dca5dffc57df701923,aaab880f032a4e00904cf50566164044,0.676
80e36297d12e404b9094dc65f4ffd3d4,11e1e3cdfe214385a2c24d0f957dde9b,0.3109
b5f4062f90b440998365198d9656fe97,5b588e34588940788a22036b775ecc2f,0.4678
0471ac805c4b456db243f0805797f2dc,e0d8aee46b1d4d998858cd05027251b6,0.5438
72d5e8cd4b71425f86534cb71655d3a0,e0d8aee46b1d4d998858cd05027251b6,0.5049
7c6759369d574b4cadfde359fe6eb481,595e438d2b394bb3a3259f47efd37ae8,0.5468
bba1dbc4ebc4401eb489ace7cdfe3d62,595e438d2b394bb3a3259f47efd37ae8,0.5294
fb8a64be87ed4691b554bac222e157ab,6ae72ad649c54129b992d321f8f29122,0.9226
b92407443bc54ed2805842ca07219659,6ae72ad649c54129b992d321f8f29122,0.8445
79f37cf5db664eceb1acbe56e59fdba2,b9228fdb5f0c413d81cffb51829d95c6,0.4751
8d3b90a569d64372a82d9a26b511d43b,df5ca61304074da1bec8f536ab50baf3,0.4766
9203f26b661c4f00976012cebd86ad3e,df5ca61304074da1bec8f536ab50baf3,0.4418
bbfbeffe205f44cd8c5bd867f70dc0cf,b9228fdb5f0c413d81cffb51829d95c6,0.5165
eeabc5200c23495e9decc640bc81697b,dcfb738ebbc24f09bb680fe3a52b702e,0.3347
dcab7d1f66534e95aab82c2040294de9,ac5a760b45c146ec840193371cfb2d30,0.9454
432081bba65f4c408b3f3783b0d361dc,ac5a760b45c146ec840193371cfb2d30,0.8081
c385a042fa734b73b1bcbec2e14a9dd0,ac5a760b45c146ec840193371cfb2d30,0.4563
0b33aed54f7445caadc031f47ad62603,ac5a760b45c146ec840193371cfb2d30,0.4572
8954e57cd5544eba8d9fec1e8cc5ea3c,9dd98c9126c44642a20711729f2e731e,0.3637
285ed58a8d154d748bba60ef4ef0123d,1578afd6ce694d46ab6e24f965f51fd6,0.3121
ff9cb85ab2634f23a327ccaa9cf1e87f,d33407004b9e433a9d4147cfe6584d36,0.3038
041fe9a0e0e3466eaee94e0c5058d4dd,f1eecad10a61421eb16b1be7435d9c19,0.4885
11d8ba0cbe2c48568a2d0196a1573e16,19a124c6dad14a4fa7864463b081009c,0.3074
e1b3f03ec240460c895264f738a709ec,e4fcd30261804b089efa940359057ba2,0.358
eb6b0705f8744b46a462efa41f20a89a,8ad1f345ca194b29bde0a924f27b2de5,0.6161
482dd5c933c94587b3946517c235aea3,af648fa7ac6c4c50a246de470329cd83,0.364
14683a06fc90460097ce4e4db0e55f16,afaf2edba0ee4d58860a5a04e4aabc5c,0.3742
56178bece80e4c44a6a45d630a70742c,bce599075dfd4fac8dd78626106e3071,0.3682
60ae797aa8bb4341829f83d0b771ab36,bce599075dfd4fac8dd78626106e3071,0.3841
5305b4e53d154b1890d851d40a749099,41047823f2cb4194ba1e0709443c719a,0.3786
a7570f9b55c24fb0bac3c9e4edf6d60e,90b560de76b149c09c7cd6efb3f12cfd,0.3026
5ad1f88ed9ed488dafbdf8181733f084,41047823f2cb4194ba1e0709443c719a,0.7013
0e302f85dcbe44f1bc67317ce56268d8,7960902edf4b47d686f704441aa56b0e,0.4109
392705089c6b4b8cbcde900d0fff9622,7960902edf4b47d686f704441aa56b0e,0.3968
7adb641772574f79bca7f5c97071108e,8ebbcf8e4e6f400ba1839e9d75806274,0.4084
470a0e2305e5411f992154553c12bfcd,00614d60b3544ba790dfd23dd53992e0,0.4449
f82f3fa0a3af48208d53dbf813b19b11,8ebbcf8e4e6f400ba1839e9d75806274,0.4111
cbd2d2ff355d4f0399b9fc51697c9fd7,00614d60b3544ba790dfd23dd53992e0,0.4005
355a18bf4bbe449086bfbd70b9b66961,00614d60b3544ba790dfd23dd53992e0,0.4503
8801a0c028fe4b9b9621b539d7950e08,133bfbe9a7c741fcb638ecf1b0088213,0.3555
ce2ca433804e44b4be720751273b782a,133bfbe9a7c741fcb638ecf1b0088213,0.4691
4ea609e9602a4aaa8629b2aa624b0175,133bfbe9a7c741fcb638ecf1b0088213,0.7228
cfb9a2cee2044f5e9cab9a1ec0394c33,133bfbe9a7c741fcb638ecf1b0088213,0.7292
0f94a6fec9304d4991a954ceb031f5ae,8a9dc60359ba49cd8ac170cfb4ac3913,0.3049
fd824af093e04ae187700d37404ce512,2c3599a1611644f4908562f8fb8870d3,0.399
c9d75d71736c41ca808c70e38aff6b5a,85d4175b563d48e5bc6a991b23662f24,0.9041
743f1b2f252548d7910b99d0870f6c67,85d4175b563d48e5bc6a991b23662f24,0.4677
52cd37fed829421d91356a3fb87f1ae3,85d4175b563d48e5bc6a991b23662f24,0.476
e0ffc5f5610740569aedc8c74ed17c47,3c1b91a23b694da1973dbc5f75f2f3ed,0.4033
fd29df6e377f40b981cba18434381065,3c1b91a23b694da1973dbc5f75f2f3ed,0.394
f5ff08722abb413e9e24fa4eee6d5b60,cf293392122347a180cf2126f4589acb,0.5348
574036f38fb84293ae0fbe592c3c6f3a,3c1b91a23b694da1973dbc5f75f2f3ed,0.5818
35f36e3994484147bfac89ac7f1ef8ef,3c1b91a23b694da1973dbc5f75f2f3ed,0.5437
84ef3ef2feb84347bac472fb9e9d5906,77cecb221149474896d9b2eb848bf150,0.6198
398defcf45ad43ed8e2633186eaa33ba,f676e16c6a134bd5a7bbeee4590adcfe,0.3078
d9348c713e8144f791dd2fc990a3cbb6,1aef014473b84ef9a0f799114fe516c9,0.3403
961885b72b8b4073afa543195a48050c,1aef014473b84ef9a0f799114fe516c9,0.3737
06e690975e524b9089b8d4f9317a1558,1aef014473b84ef9a0f799114fe516c9,0.3368
a5bc160edec74fb7a50b0debceb4ff1d,30578712823948b086e3781343982938,0.3726
77a31fe5e10e44c38270d85e569068f5,1aef014473b84ef9a0f799114fe516c9,0.3436
a508b4ed8aa64d2c8930b9e0f5588144,00e9d4081c2f45d1a818bfeab099863a,0.5341
58f407c23b424ad7858fe02688d1f729,9db7d32d79024ba6a73c55fde6f55968,0.5646
6a195a5109304e06ae0423987650f0e5,00e9d4081c2f45d1a818bfeab099863a,0.563
492e1ce165734c99ae0c8142231d6cd8,b702b2b61ce048c6bf5af3c4dca18b1a,0.3243
fc5f6e0b9c084686b8bcffe1870bb6af,cb75c6ef71cb4991805920f2894e0e96,0.3422
d88623101f5740e3bbbb1be949c2c917,23a16d69ffe848d593a4808907d8aa98,0.3005
3d4bd2285a9441ceb15abaf963002c03,23a16d69ffe848d593a4808907d8aa98,0.3316
fb083ec69f5f42f2881407d2176b5d39,db620271348d404a9a0b978d96c63f29,0.4344
94fac016e63749c8a8f0fdf1fc1a90b5,db620271348d404a9a0b978d96c63f29,0.4386
a4f2a13bd2b54360a921c8ef7366e535,aa082284f9894b5aa210c179d59999b1,0.4362
89206a8894c247c8bd87fad37967ca98,aa082284f9894b5aa210c179d59999b1,0.4321
517675a3a64847439ecd5791a240af4c,e8c8742459dc48a49080bf0e5b3fdee0,0.3494
b4a18167b9e44a69bbb49ee2a8709fbe,e8c8742459dc48a49080bf0e5b3fdee0,0.3668
6676c08920d74d74b3b5e31d76d402b2,f32f4607b4714e378831f924c5e6084d,0.3754
0df5d9aef12b4019955ea3f2f0b2adab,249c2d8d8d2345c6990b3c4d94385b5a,0.3285
9e0acd98c27a49b196d2c555deba2f0e,249c2d8d8d2345c6990b3c4d94385b5a,0.3237
b9de30f0928f4adbbd9e64f944ab0805,403835bbf2f1447188bcc78e062b0028,0.3233
1700d60558f04c2581e0c6ecac9ca03f,f335a944a27a4504a82ecf70c2d4a5e4,0.3305
f8ebc027345b4689839fa22c303c1bbc,f335a944a27a4504a82ecf70c2d4a5e4,0.3273
a5eb956f41154b2fa05333dc5f91564d,cf7476d6c96b4dcdb6f025b9291eb62b,0.3557
32ca729048eb46ea82cfabc322b2f07f,e5a3c8867e44498d9182e8be934e0fce,0.359
4b03b491a7324ddea5bf28db91e66254,e5a3c8867e44498d9182e8be934e0fce,0.3447
6ee636f0481140ed9b0077791aba92b0,cf7476d6c96b4dcdb6f025b9291eb62b,0.3651
d0e2f6816e1d46c4896a92a770a52d13,b8da01ceddcb45a491a288ddbc658e90,0.3108
9db1e0ae9d1e4b078283f3e4fce188a9,54e9bbd0093947a3bda5fef48ef7493d,0.4772
b3e9c337e43d4153aebe5720e9cd3974,54e9bbd0093947a3bda5fef48ef7493d,0.4791
dc99c006397e40808ab1f016fa44006f,7d6122daabe442ffb5e57ece1882e714,0.401
4993ef4ea7ef4074bc9bfda10fc761b9,1f9cd7f2b7a14e2f8d490a104a56edcd,0.4787
c7eab26c996245a3ab077b730a658580,7d6122daabe442ffb5e57ece1882e714,0.573
b675a73977ed4edbbe06ed1ed956190f,7d6122daabe442ffb5e57ece1882e714,0.4985
cebedb652e6442cfb5750e4bbec52862,7d6122daabe442ffb5e57ece1882e714,0.4665
7076a0387a924dc1b928b55750f64916,e429a2e164a24919a12edcc8d4ea8f09,0.3268
0da0ce17055e4ce4aad17bba3493ecf3,93dc50abd35349f7923100dca2f41002,0.3311
a1de5e13c3de409baec25b9625277294,7f0a68d19d2e4850846ffc08c47ed87d,0.5411
59d5b8a0cae447e3aa9d4441af278166,b33a0f5b564a4942b04046ab7a8e2aae,0.6478
0c4b7eb545d746869c5419772a6e4392,7f0a68d19d2e4850846ffc08c47ed87d,0.5815
ee5f151fd75d45ea92a20e50b7471a5b,b33a0f5b564a4942b04046ab7a8e2aae,0.578
2a1dd0d4a81843bea554bae66ecf0521,1da8cc33bb474411ae16db0233210125,0.3143
eccd7d9de8ca4ef5b452f90014314ff9,1da8cc33bb474411ae16db0233210125,0.3405
0acc73aefb2c4bd4ac88e33303c8f082,19593c97fef0474dbe6051e28338f1e9,0.3753
c3b65a8844a544c6a4819d750555f39c,19593c97fef0474dbe6051e28338f1e9,0.384
3ec39a285da042a1bb003186e6c26bdc,8d595c7da42545c88052e7b213b6c97c,0.4061
7abfc7f5744b4188b357bacc5c42c49e,8d595c7da42545c88052e7b213b6c97c,0.3624
9405bc1ec9c249e080970a1f105edabe,599feb1e512c43ad8c0a1845922acf78,0.4832
1fe6a337c9114514b3e8dd154c2bda5b,ed4449952a9e45339b76fc5f123cb917,0.4709
31557bdb4eee40258e47e89e445b788a,599feb1e512c43ad8c0a1845922acf78,0.4666
73dbecd0253544b594d72bdfb45f3f7e,ed4449952a9e45339b76fc5f123cb917,0.4017
e6d9f19b6de24f86aa66f9c5fd05e823,99ba4cc9355f4d79a68bc69ac12a716f,0.4209
81cace07bfd24a26846b03e46c6ad161,e1c63000ace94c1d9381d82389fe6afd,0.4869
90e717813d404c9f925935c7cfaf747d,e1c63000ace94c1d9381d82389fe6afd,0.4951
e62461979ead477d9cc7f369964f28d9,99ba4cc9355f4d79a68bc69ac12a716f,0.4719
07ede7933f83489091e7ac09e75bd135,01bbbf1caa554d94b5decb69cc1add41,0.3334
e0a1bb27279d4bb8ac27a733753d7c54,5455e62f52ae4e03b2a5d0e8b9899506,0.5431
8d21526a81804f01b67fc9c7431368d4,5455e62f52ae4e03b2a5d0e8b9899506,0.5886
e099db4616e745afa30336180e470463,be70e49b76c24527b4fddfb6b78b6d8d,0.5068
4d9da4498edb406687e88c877d40d0b5,b01fd4d037a84a7aa777e1fc345c73c5,0.3808
1878f6ecc3cd4ae098c87cb8f6d6f75f,b01fd4d037a84a7aa777e1fc345c73c5,0.3528
122f81ffea0d4ee8a8e0e80dabd6753a,af648fa7ac6c4c50a246de470329cd83,0.4645
341c198c08bf4223af06fe1151b3d336,af648fa7ac6c4c50a246de470329cd83,0.4486
75f3f9e03bd5407ba9a8ed4058d70b42,52ee59901f3b4de884d7a6720538aed6,0.3216
62f621f26198469bbe4acc3c211ac044,9c69642fab6749848e7ea7f5406a6da4,0.3642
e9102a403ab3412e96b169e8b54422da,9c69642fab6749848e7ea7f5406a6da4,0.4435
dc99976a66254d64893ce4ea5c1381f9,0092d1d820c64646b8bee9fd14f77acf,0.5497
a837b40016284aef83d53d8096b2f4c1,0092d1d820c64646b8bee9fd14f77acf,0.5116
066e11859105406c8b337a9c79f27900,b8995466f0eb4e7ba141e23216e8b974,0.5362
eacbaee168e04572a043403932038ea4,43ee0103cba54b4e9d165717735ca0f6,0.4386
87525176aae14b4594b3cc3538652572,d361a9e414fb41c1a605200d9cbba496,0.3786
6f4c5ace8efc459ea9630b048d4f0f65,d9096650c434432c871effeca9acd5c6,0.3539
c5430389b16b4cef9f052e00355bb0bd,d9096650c434432c871effeca9acd5c6,0.3574
fe4ef0b1b959405da9233fffe5a1a8ba,baad022010b44fad8d8410869d909fd1,0.4056
8b45a559d8f643aabfc6ce1311e615f6,9daaefe080b34656a0c7a54d2d6a1713,0.3867
923cdbcba1f440f0b8e680f9bbe84bc0,b8da01ceddcb45a491a288ddbc658e90,0.3965
ce803c95614a408cbf9b99166b3a9db0,b8da01ceddcb45a491a288ddbc658e90,0.3724
4a9f5a00cf914c0cb76a4ee585a73675,9daaefe080b34656a0c7a54d2d6a1713,0.3728
61251687d2444fe8b74dce9025233ead,230b9ef63ea240e9b61a18f41473f942,0.3094
b3c99c83d4e34424adca9ea35f3016b4,99ba4cc9355f4d79a68bc69ac12a716f,0.3339
cc2355a9c26249c0b3722824339d73f5,99ba4cc9355f4d79a68bc69ac12a716f,0.3268
7e2f96b3e0ce428cb02c7ab9d85a8cca,7f5b658239034d35b7f4cf1c63cb388c,0.4829
c1de7b286d874eeab76f13a3c0d2f90f,898eabaaa1a047e18aecbb1c5a8decbf,0.4708
e61649949748401a9d06187bc97c8b58,898eabaaa1a047e18aecbb1c5a8decbf,0.4628
b81b07771bcd450f9d8eaba7182f30c7,7f5b658239034d35b7f4cf1c63cb388c,0.4946
10477b255a0f4b31bdc6941e131708f6,444fa28d9ed54c82a522699041eae592,0.3595
98224d85c5a5408b97fc3f91e37c6172,ec580ac6dd7149fb8a0a5a5d8b0f5b08,0.3473
9cde6cf03d36463a9fa125c9a5d8579b,444fa28d9ed54c82a522699041eae592,0.4761
97496eac7339419799091685c1a6c966,444fa28d9ed54c82a522699041eae592,0.6253
eaae15d0cec34edcba4d16f18e51feeb,e53dd6188816429ab915de6f9649a026,0.5834
2fa2158b5d3142e1a336b9938e7ec3e4,570f08ce2a1a47978eab16bf7ad16a68,0.3584
b3e94875f12a46d49a18038edf575672,570f08ce2a1a47978eab16bf7ad16a68,0.308
249ef4fd3a32489e875b8ff944f609e3,f65c7f50929f431dbf31b441d87616d0,0.7367
08a04363ed37468191357b12b4afa016,d445ccdb4cda497e9f0343a3298022d2,0.622
62e089fa066d404daadaf7ab2e75f3c4,08ecf89bc10942a4bd894482f6fcdfa7,0.5529
222088ceffe04fd9a94096cfb805d9aa,d75a52d716984f318f976bbfc7bee787,0.3148
215fa8886dc743ea866c55c92e55275a,97959d02a64f4a3fbbebe7cbece6c012,0.429
fb89d31587634cee9cf443d998d56245,97959d02a64f4a3fbbebe7cbece6c012,0.4436
a9c15421f19d4bfca5a2210dbafbd327,7bbe3c76bcc04d73969f920d43fcc67d,0.4397
405c71393da6481db0f9c471e6ff0b9f,7bbe3c76bcc04d73969f920d43fcc67d,0.4512
380188fc5ffb4a8db6256661aefa22ee,e2e0c8c96aff4c00896ac6986bbb20c2,0.409
78bedef4e219493c8b9a059437b0c690,e2e0c8c96aff4c00896ac6986bbb20c2,0.3746
f8807fdc0c904075885c336e24827732,64e74af099b0485f8b6e71ac73aa2cb8,0.3654
c21fcb50e9a24b558b8fcc3a2d0f2042,1393dac7d34b4c34b1a8091a5bea3663,0.3372
0e4f6fd8c126417aad3dfe97ea1dee56,beccee3a988f48c1ad207e2380766fa4,0.5685
11fd1036e3764df2a694b62f3f7a04ca,ec5fe0d3a2a2426ea4e49a5c0ad44e04,0.5274
16f482cec0e0411f8a1d2610a2aacb63,ec5fe0d3a2a2426ea4e49a5c0ad44e04,0.5372
cd59d2d18bf04a6a901a0110f5fc4b13,beccee3a988f48c1ad207e2380766fa4,0.5715
a3447d7a1b25452ab7eb7228d9426dbb,50aa0f56e00d4c23ac78b3e63bc0f0e1,0.3631
bc979d6c4eac47c3bd21510ffe22054c,91f0da6d71574ababd8e868bddec9310,0.9453
8033dc78a96946859252dbe5da10286d,e12ad1ce8e7940a999b9a4f91a95fab7,0.459
01ac48c3001b4c44a7b582ac608de711,d695b7afdc3841a28a56df578e56afce,0.4548
7c0d5434c5bc489793133ad27a07f74e,d695b7afdc3841a28a56df578e56afce,0.4265
37c59c24c4b344198d9d5abcdf597519,e12ad1ce8e7940a999b9a4f91a95fab7,0.3753
6ea9898485944849b1119856b900eee9,c66c6f1449d44728a2ef72de53dd6d5e,0.3236
e3fbe9aa3f674b32824114cc216c78ae,36472797459c462e910846109fa624fc,0.3996
de734ca5438c4b22a9e1d7e170c3c57c,bc607fd6000b43108e49b3d05688fe90,0.3819
18283806841d46c39db8e7fd20713c52,a5365055a36a4ec1bf5b0ce2ef949a35,0.3723
5e304e02eba04f73a50005680ad397d9,36472797459c462e910846109fa624fc,0.808
17746de5e371420092452c78a59017b4,bb84a4cf60c84a8d8e23276b1863d293,0.3687
496cf23a51bc496da75e8ef2f4847bd2,7879fa4d4db046a2a8d195311b6e5789,0.3212
62d8c95fb6f24a1db3cd303bb5b85396,bb84a4cf60c84a8d8e23276b1863d293,0.3536
fa8048c81669437cb087918eab24b02b,e9428816b054499298745b742f128f65,0.3966
b7d522798dc7498da4a40704cbb65a53,097c30a7f39a4a3abf6da2ca80cad3a5,0.3319
23701e1499d04d6f890fffb1a8d95746,097c30a7f39a4a3abf6da2ca80cad3a5,0.3128
d8e490c2dc4e457291f1e7bb4ca941f2,e9428816b054499298745b742f128f65,0.3713
e2c006dd97304dc5b599c8334ea91da4,563043f180e54e238ad4876974e5db4c,0.3137
180a003741a9400fb647528c1b5bcccf,42b6af4853fc465f83ec054f8f8289a4,0.8083
d9c92c59d5aa4726b77e009485c2ea31,563043f180e54e238ad4876974e5db4c,0.3549
11ce9ba7b6bc4478a9c51c05eeca19e6,2d43cf91509846e29ab4febd7781919f,0.4894
95a503cfa55a48d6a01d293cc25399c0,94ed54abfdc74b04b0dcb19c278e66f4,0.513
fdd0fecc1fbd4f8da6683ae92d766e3f,2d43cf91509846e29ab4febd7781919f,0.4715
a63b30ed19774ee7bd8c65b80994011f,94ed54abfdc74b04b0dcb19c278e66f4,0.5185
b7ee6050d7ff433da190380cbf6c568b,df0c94234d9d4890b5b4b95c441b3e9a,0.4112
9f79b85612a8457c9560f5188ba8de80,df0c94234d9d4890b5b4b95c441b3e9a,0.3525
92842816932b4cedaf43f4075a7295f8,79721c9bb6a54ecdb3d0a0f4011762c1,0.4621
0ba88aef47574c8397c6bafc945b9a6d,361f2b7f3f044907b3a331872fb18755,0.5207
908bfd5077a44b398cdda1f6b068ef55,361f2b7f3f044907b3a331872fb18755,0.5181
a165443e0d954522807ce0ab172fcdc5,7daa434073604cb98a04fefb55468dda,0.4782
f9f0efaa4a6142a7919a132744822ef4,39a08a87897f47d3bdbbdc5ed8c9cd7f,0.324
a1022ebe11dc4f2888d2400773e35559,dd77b570036f40de9fdf49011bb9e2d8,0.4352
095cc723607c4786bac59694c8e22fac,26869cc099c44c4a86f6043476ab4890,0.3702
f975925d733d40bd99cdc31b176a5add,bbdf9065122d499d9d8f80ad3e0ef6f3,0.3353
f71566d731d04b0fa7d5306ca6d5d1a3,26869cc099c44c4a86f6043476ab4890,0.3572
1869a01128ef42e787aac2c1e61067fd,ca544e6629b14e8fab5f7cb40d1ac88e,0.4091
4e741c03bcf2485b841a422cf7af28e7,ca544e6629b14e8fab5f7cb40d1ac88e,0.3166
3b718c2254b44a6b98577df37cfcf2e6,19098957d8c24cab95daa30c2baefd8f,0.4968
5c555c29b0864fed9559512fc8b56e7e,19098957d8c24cab95daa30c2baefd8f,0.3991
62c7211abab24fcca853aeb2813a880d,9460474d89704a68aaa6ccb62310ae3d,0.8005
f79a2bf431ab4c86b494e19d1845d00c,c66c6f1449d44728a2ef72de53dd6d5e,0.9193
a57e9b989c854296a345aa9dea1c5cb4,3f1c2bb09c4e4400b6ba19542fafce18,0.9324
8c894f4ececa48fe8b64acf34a77674e,c66c6f1449d44728a2ef72de53dd6d5e,0.8772
8257521498a64a9fb7b41143b713373b,19a124c6dad14a4fa7864463b081009c,0.5065
78188b8c0642428fb591262e5d86ce6d,1027a336232c4454a9c4ae450a562788,0.4131
03d5ce4601154cbdad2bd459235427ad,19a124c6dad14a4fa7864463b081009c,0.5193
e46f5e15b5ba480db90f0be1f5c6b070,19a124c6dad14a4fa7864463b081009c,0.5821
0e8d635cc3e241ddbe108bab5a0f863f,19a124c6dad14a4fa7864463b081009c,0.4967
c2b5ae1e1c2c49d39e7b25d5660dfc10,24c55bb5cd694770ba895c7401da2ba5,0.413
4a7c88e745974776bdca788eeafcb775,24c55bb5cd694770ba895c7401da2ba5,0.4294
09b37860da4b43c98172983e0ca57104,764b8280445d4023aecaa53cf7758932,0.3631
1ba78638d99a453298a17f233049c981,c1d504dfeded4b8bb3c07777b7c7abde,0.8031
1ee672ab946e4272a171ede24ff00adb,babbeca1f6a244a2a11ea77a3855e70f,0.3675
6ba0f16f8a794139aa559865c689f392,4422777ed51142a99aacf05f446cfea1,0.3088
011e2395f6a74299aafef3ad4c6e1bd5,de6ac628a786435f9925c8cc1d707d6b,0.3494
e213427aa5fa426b826fb892aee20bcd,b277101390e1465685ef79bf3519f8d7,0.3452
4d0df524bcae4a17b817d5eb1edde03d,b277101390e1465685ef79bf3519f8d7,0.3542
91918319e16747aa9a1d9dd6b13b960e,984058b7165d4c6385bec3c94afa9fb2,0.3068
de360956bf524b1783abb303a77d92b5,c588868fc3fd4e87a7cddf1ceb00b022,0.3502
71a406ea72c94b068788a3f7435fb47e,63ba014f9cc747ac87013da6be0ceab9,0.3477
d67d3ded66fd47dcbd06a4e0d110046a,403835bbf2f1447188bcc78e062b0028,0.3858
a1ee60380a8341b4a22b01efc9c91484,403835bbf2f1447188bcc78e062b0028,0.4076
d80469792ba1435797dbbd8c826c4dcc,db620271348d404a9a0b978d96c63f29,0.3288
a2c9e517dc6d4e6bbbfc226aa45adb37,0cdb0f32850f4585a16de4886462bbe0,0.4333
94e80e2185c943e49ef7d81012376cbc,5a6f4a2f7f6a4b1fa146493472e6d721,0.3393
dc79be5806cf4fa1b7fdf18adcb8af3d,5a6f4a2f7f6a4b1fa146493472e6d721,0.4524
7301669f98674b658396f1d96eaf98d3,d476be2399b7424a88d242b771c32041,0.3735
8d37ca8985e84bd297602e977ec9487a,5a6f4a2f7f6a4b1fa146493472e6d721,0.4573
d7577481d2284677970ac7a876a6d295,5a6f4a2f7f6a4b1fa146493472e6d721,0.3452
1e4b598167924e35b74d3da0df1f2de1,796eade2ee4f466781d9f6669db43e48,0.888
9d11ca9aa5d24f68aab627b9e93e698b,70558882c04e46bd99d15e9786468418,0.4688
cc89d7fa93924af1a154d57f1f1cfbc3,3138244ae91040948d5bd6772e4075ea,0.4598
a3a0aa5e67f44552af621d1abeb18c13,70558882c04e46bd99d15e9786468418,0.4638
2832c5b8870946c69ac69731c0ec1d68,3138244ae91040948d5bd6772e4075ea,0.3939
1403f18946f64e94915e337242ec189f,be9e713988ba4bbba869885cad419259,0.4358
104c41a52ade420c9d3dac7c3c0aaf80,556743bab70d4b75bafcf192fef95b16,0.3929
e8a3dc97d68d46b6b42514168c735abb,556743bab70d4b75bafcf192fef95b16,0.3014
d93d116f2e364d0c956fe7f93f434129,6b7b5d28293d4a5a8075f7f7dd231ddb,0.3257
8b13db18ea734cf391e49a434b75757e,6b7b5d28293d4a5a8075f7f7dd231ddb,0.7093
7de9406e3c12409081f8c0ebc2127441,b675be39e8ff421aa59811f146da945b,0.5146
d5f199eff49445b491565e80e55f8e53,2f0401170d104b47b0a8f087f69dee88,0.4741
70e5632cb4e64b128fb44a897571245c,b675be39e8ff421aa59811f146da945b,0.507
aa61f461ceef43859129c5b33e8bd9a5,b675be39e8ff421aa59811f146da945b,0.4977
4095895ca5d6432d8c9ca23b6431250c,fadf133e0e684a24ac79b5fa9515bac2,0.3187
04d06c5defde4dbf85a0c11fdd459eb8,fadf133e0e684a24ac79b5fa9515bac2,0.3668
5a7d3f99251048e2ac81d5ea8c49c767,1d70bc69b2f84bef9aa5fb0d9917e38d,0.3927
eca00c36492249e08f99875a5e115d84,1d70bc69b2f84bef9aa5fb0d9917e38d,0.4067
92e3b7a540a547d8ba02bddf82f83380,eeb3b60f34af40de850e065b475d8180,0.3523
d5bfa4fffcc249fe89deb2d4410919b6,eeb3b60f34af40de850e065b475d8180,0.3975
578d9258cbf8456ba7d9f83130e02184,4a7fa5a1bafe4b6995e2920444ac07c4,0.4566
281e458eef7b4d77b67d424744237fbc,4a7fa5a1bafe4b6995e2920444ac07c4,0.4594
7f6fdd98bfc5410fb6c4afa8786e0b48,06a5f0cec6ce4170a02dad0ad4c55b1c,0.4814
cb84a0b8bd52401daa4762d7975d4fc7,60e87368fe334a92b57088b03cccbfc1,0.4042
05021100f4bb4885a338db368a83cc95,06a5f0cec6ce4170a02dad0ad4c55b1c,0.5361
f7ad8b57414846b993e2ca44f3962ff1,452d645d5bf4485185e996dcec9523e5,0.4743
750cd38aa39e4281ad616eddc8f5a983,c235728f290a44d6a5fc2e14111ae02e,0.5022
c81df43d512e4bcb85b00b5f6763f6cc,48c31b1e2ce94de8968fab433813fa91,0.5496
a282371ee5c74dd98f0cada75271b7a7,c235728f290a44d6a5fc2e14111ae02e,0.5663
0dedf21ad5ea4607b710bc0cccbcc7b9,48c31b1e2ce94de8968fab433813fa91,0.5124
aebc45203e45452db8eee17826ef2c46,8228c9eb29a542ba98c8b9b854eadaa4,0.4828
3e10372aff9641bb88682abca29e907e,e22e1ad3c1fc4493bcb7c9b923566ff7,0.4641
9dce4a0759174753b62b3cb51b8fb679,b0236c76ae244fd8aacbea7da10e55ca,0.3949
5596e047713c4a59b1e70561fa034e37,d2a03ea4b2d3439ca3dc6fe056ab0f04,0.3437
6c348ea51c8b4750b956383a3b9a84c5,d2a03ea4b2d3439ca3dc6fe056ab0f04,0.9746
c56449c78d8549cd9d227e4693e51c7e,d2a03ea4b2d3439ca3dc6fe056ab0f04,0.3516
8a4a2cf4736e43f8b21f72daeffc76ee,73f684f538ea452cbb4fbecc2e8126a4,0.4935
f6bdc5e4c3894a41897ace2fe9061a90,73f684f538ea452cbb4fbecc2e8126a4,0.9738
bf133adcf34f4470ae9ab34f8bcac84b,73f684f538ea452cbb4fbecc2e8126a4,0.5035
198ce01eda8e4bc0b31c457e65ddc39b,73f684f538ea452cbb4fbecc2e8126a4,0.9485
442c28225ce642b182163c39ab4c776b,b85d652ba8d244f8ab9e941966094f28,0.3614
e41cc56f88244ce7a26e583bd54f506f,31f80e4c87164e2893375ec7e73b372e,0.3944
b6cd550fbc9a48008039483d12ad44eb,31f80e4c87164e2893375ec7e73b372e,0.3292
d425f86b0d264c76a6ff6edbbb718fd8,0b57f893483647c3aed811775a4c4c04,0.3255
a0ef1a7a1e304bfe91a8c12abf972c6c,a055f8188384479a8bad418f7dffd9a5,0.4291
d8ec79e0dcba49fcaa2e32c4a56d98fe,b69c17a10a55494d8caa56c33e8f4a56,0.3218
3ad82a6c3cc7421199dabde4d1c630d1,b69c17a10a55494d8caa56c33e8f4a56,0.3338
957fd0aaa98b49cd8b0aeeeff8fe554a,b69c17a10a55494d8caa56c33e8f4a56,0.3327
3ae64cd8d99e463d84ad390f0770863a,57430214baf045cb92fa3b3b70a4ca3f,0.4235
83caabc655aa413fa28ce75908fc82c3,57430214baf045cb92fa3b3b70a4ca3f,0.519
b2a8b82d886042029e4d7b75f606d3f7,8dfbb6a204a0441492c35baca6190969,0.4723
5ed3368f73bb44e6b4ad520a68661e92,8dfbb6a204a0441492c35baca6190969,0.3943
515bbdb925064e5080053f5a3bfa72c2,42b6af4853fc465f83ec054f8f8289a4,0.3857
191675e5da5649c9ad0e649fba7469fd,42b6af4853fc465f83ec054f8f8289a4,0.3816
917a01f6ae4049189b017ae05f4e8282,c3a741d302d94ee294bb6e4090fd2da9,0.3976
8099552462944c5483e6c7e77019cd09,c3a741d302d94ee294bb6e4090fd2da9,0.3562
69a7253a5317474a980b4e9538e2df59,1232f20e710b448e8c0538b9e84dab1c,0.3371
d8235671d5bc44ea9bb7b027f4c3bb3e,71c1a8479b194efca65b44fb7f327afb,0.5688
518f59c8010c4dd48362de2cb03f5167,71c1a8479b194efca65b44fb7f327afb,0.5438
c313a0d413ec48a6a2cbd1df9d98d820,77ce0587a12b46bab8814225ba86753e,0.6323
83661848dd63461885371664f7c4bc51,77ce0587a12b46bab8814225ba86753e,0.607
0b47b27e631a492c8956eba727078681,3e59b61eb70146308db2308b988b54cf,0.4533
d0e0af0e83ea4c3b855152177e8295c4,98fbdf945d0c4206a48a4f7260e56017,0.5261
3c7adf3c0f6a48ddae27f1be8bf94c98,a4af9472683c4df0a86f9400c99c2b61,0.5545
9ece5d7b95974244a7560e0a5516708d,7d3d751215194e649a03457226f599d7,0.3038
f443d2b48e9f48748ed811a3ffbfeeb0,7584980704ae4617bb27ca162cc9c5db,0.4066
3edc2638f7bf459c90061b70e170d78e,f335a944a27a4504a82ecf70c2d4a5e4,0.3426
4241e3037cc4416b9760a32dc49b4d49,7584980704ae4617bb27ca162cc9c5db,0.4268
2c1eb27749b548ee9cc13137105c60f9,e4ee90d625d44a6d9adc138390eef0f8,0.4437
879584d5b62041dfb4cfbb779df86357,21019944fc2c4838a682a6dcdc62c4ef,0.4693
f21b02728ff6484fb3fd4a60399ab492,21019944fc2c4838a682a6dcdc62c4ef,0.4526
d8456095cf7c4204a086a014ff2b3c14,e4ee90d625d44a6d9adc138390eef0f8,0.4749
3afae5ea042d4934b4e05a905c277730,b2b22c673e554db39c8acdbe42687a6d,0.5763
c6c6941b06454b858b384b129f635fbc,1c6bbf19b3d2498696a5baf0f53a0f18,0.56
164fd25714484642abf3c2f90a97a8fd,9fd4c00672d84215b3e21812aef3d6ac,0.369
3a05b06fa1e34ff0b02748d47a9e6360,9fd4c00672d84215b3e21812aef3d6ac,0.3575
fec5eb7ba2734bf5b777bcb611801028,8a9dc60359ba49cd8ac170cfb4ac3913,0.3404
99fd1c486f1c4dd591b9a6ecf8054b7d,8a9dc60359ba49cd8ac170cfb4ac3913,0.3411
7613bd74728b4f0baa8eabd0aefbbc29,eafb3480db704d7baa8216ce857d1610,0.532
4c482b037ef04720a8eafa90efddd03b,4a6eba10a02a4ecdbb6b25e8651c3789,0.5368
596b8b0b72be41a4842150fbbd18aead,eafb3480db704d7baa8216ce857d1610,0.5575
99794362eca94e2ea0536c628c097ee0,4a6eba10a02a4ecdbb6b25e8651c3789,0.5412
67f17a1293154579a1047cd28690d783,69ac8397e9624bfd8aee237b9f9ea3b5,0.3031
dc2a5233c1944b37aa2c99dd76665f2b,a9d82bb43410405ca21b44a5e82e22b6,0.3483
2b2bf37314104deaa800c3918ab54a33,a9d82bb43410405ca21b44a5e82e22b6,0.3495
3c56e94879364377bc8bfb7a92d403d1,1e376f9d0945477983c8d851e4b2cf5e,0.3079
c28224ae63704fec95ee0278f177f277,a94cb58f1ca8456b96e39b5b1ebfb7ea,0.3739
2c9175bf65da4030a4bca9f358cadeda,521004289ebc4e6da6623381d40a5e73,0.7493
7567134f761c40a79567b3f82e31afdc,9500823cb050427696343b1ea5cf8881,0.3521
e95e0daa9ae049ef8be95f459b99d584,bc13c2b0221744a29a8ddf56aa015df9,0.3389
ee401564da1d407da8d97b804a5e3801,99a52c93a3304ec18dab9206f98f2a8b,0.3008
77ae6ded0d014f36b371a4153e05c4ed,99a52c93a3304ec18dab9206f98f2a8b,0.4689
8a0213e5d51f4d7ca596a5163d04d39b,99a52c93a3304ec18dab9206f98f2a8b,0.4221
49a13f972cb940089aa409b42b7e809b,cb32ec9a538a4c0f8462771946ced93b,0.5115
42b7373e7edb4471bd9cd69dd50bf4f1,b425f33c33ad4be89a12da266d131a86,0.5066
a75e0b290bc941358cd4614e21662749,d7c9dafddaf547159d366dacf7b68a7e,0.3138
1c30f9917de0495eae26b471a7cd3e1d,cb32ec9a538a4c0f8462771946ced93b,0.5045
ffa661c1e7484ac0bd1e6fd235a3cc5a,33e2a95109e647cbb4ba2687631b169a,0.3457
b2ab0d60cd84497b8493bee493f63c20,2acbd3ec289a47f7b4108896ec632585,0.5785
5cbead44a3a74909ab9ed4a89f1396cf,2acbd3ec289a47f7b4108896ec632585,0.5665
1472ac5adbe24310ac0366a2fb7c4d66,d43b0f94627d45918e18a80be127aa2c,0.41
7df15c3f44244335b645553730704ae6,d43b0f94627d45918e18a80be127aa2c,0.4078
d59e2a4a21bf40f9b53614eb370d1190,d43b0f94627d45918e18a80be127aa2c,0.3177
fa321eafe1a9412bb6e66f46ae22286c,23a16d69ffe848d593a4808907d8aa98,0.321
503f076c7e794fbca12dae4217643acd,23a16d69ffe848d593a4808907d8aa98,0.3102
c4b6717a4b55444ca077700ab06da875,66690895454847fea5a000202fbfab2e,0.6082
7ddb092a89824767b09eb8b07c8f67de,66690895454847fea5a000202fbfab2e,0.6132
21ff6809479e4f828a199d580c8ae4c1,afaf2edba0ee4d58860a5a04e4aabc5c,0.6621
763242c8ded1422bb4439fdb575fad5b,afaf2edba0ee4d58860a5a04e4aabc5c,0.654
5ebf97c863dd4c5ba61093f8ab07b15d,3675c688960a4f3b9f82c4ccf4049e93,0.3643
9df4eaf2213048e4a4ca33f6d817a0b9,9ffa09a2b9bd4da0ba98fc537ca68802,0.321
452c8a69dd45447f976e014338d22ae6,9ffa09a2b9bd4da0ba98fc537ca68802,0.5463
122365aed2d049328715f0fe1b2a43c7,66690895454847fea5a000202fbfab2e,0.304
c3484b8c5f024854997f34baca483cc0,7ee65b33f8f44852ada468b1fed83433,0.5144
94e0d776b3794ee083e5c1681cef5d04,2d812431f07c44f1a56a71c72766e0b0,0.5287
2b23b46313714edcb7da655ef18a0f03,2d812431f07c44f1a56a71c72766e0b0,0.5057
a47ae5564b854b989994a2a30367bfa4,7ee65b33f8f44852ada468b1fed83433,0.4867
9113b0a4a5e24e61aed364a478da29ee,c1def54262224e23acf67a9870725ce5,0.4854
b3926611d2914adc8eadda384ed96905,bcfa4a4177d44d8b8cda17b7a23196b0,0.5462
36bc21f1eb9547d6acfa87c18625fa92,bcfa4a4177d44d8b8cda17b7a23196b0,0.4647
d7becb5524844f73b41af1cad1c1266b,999a2b52a5004ee984e587d5a1327b23,0.7637
f63ec53d7383437a8d1e627efc4dd528,c1def54262224e23acf67a9870725ce5,0.4614
d76ebc807f524eb9b8f95b523304233d,35d06fce2df446569702778e2250bd82,0.4238
4b8fd90e4d5b4a25a57652c495f66ea5,35d06fce2df446569702778e2250bd82,0.4119
9ac82778d5784882b02b03d8ce1a4ccd,b3a022950e444682a113cec5a0537f6a,0.369
dee104ae444246ed89dd5a5796eafc0a,da9cfbdf124143b78bec89393dd5287a,0.4121
9a46e2903ca8474d9cb7fe93138049f0,da9cfbdf124143b78bec89393dd5287a,0.3685
bfa6dfb11d9e42a98ba3ab87d5f2ffde,f59a3ee5387440d981754b6595e8664c,0.3477
f677dfcf19e14a9faf24ac74066422c2,da9cfbdf124143b78bec89393dd5287a,0.4132
98fd88d0387e44c3950f7955f062c9b3,d37bf09399d848df9a4d880fb097239c,0.5008
90efefd1c3314a96b5fd32625e55a054,93bf0b86be094f68a9d308ca5ecfb4e3,0.5386
b77b731d5a9c49139163f1fac2ed9337,93bf0b86be094f68a9d308ca5ecfb4e3,0.5917
dd2de907048e4d1ba625a54ad1bdeb2a,761a3a01495143f0a86beac4234cae3a,0.4843
b1494352b57f4f809fbe88f8f61ab247,75bf181ea5dc490e95d364a5f5c7af1d,0.4328
841cacf592b14de2bc2fcdaf4995bf39,11e9586d6c7a443c8025278f8ef53b6d,0.3118
26a7ded48a0842c28c407984aa614b3c,feb980ae999948ce9be0266b4ddc048d,0.4091
95e4e242519d4cd9bae0a574d881fa7b,feb980ae999948ce9be0266b4ddc048d,0.412
e8f5726fe08646aab29fd6e5202c7f88,c713a0ca69864ee7b240069c98dc44dc,0.4318
3bdf75b6d56a422d94e6c850d515d3ed,c713a0ca69864ee7b240069c98dc44dc,0.4124
9509c30cb1bb48f38a20b700b4c3456e,2b039224b54142d185a406b31fe01de2,0.489
e25640a5cf1a493db2690655a45676b5,2b039224b54142d185a406b31fe01de2,0.4987
ce1ecc1569cc4b1ca2945be90a005698,701ac1447f5a414e81156a56c3593a31,0.3399
0c0b0a3a57ae44f5bc9a682ecdf7017e,44f41e6e6faa4facb0bb9a72205229f8,0.3627
60de40f69385488097a1e4a1e36a7e71,44f41e6e6faa4facb0bb9a72205229f8,0.3106
e24bf2d26b3447a0a1cabfedc1474778,ad3d372fbf054ea1ad06cfcb7490df4b,0.3606
26e498e22958483fb8c239d967efe176,5f65785004054c67a618fe43b6a30f56,0.5814
0e5860811dd84425862213b698237538,ad3d372fbf054ea1ad06cfcb7490df4b,0.3517
