image_id,part,camera_pred,view_pred
486dd80d22f94a5496b3e670b19399a7,query,89,rear
9e1bede2ba464377897f1d482b7c49ae,query,89,front
a1595c1d280449abbff7742dcdc90b72,query,90,rear
58c2bd09ab0c4a56ad05b91a3de36417,query,90,rear
4d5ef36361734ccdae5d52098bf0123f,query,90,rear
4d78e6316a014332815f66e59a8a4099,query,89,front
4e7bd3e813564642929978bfa51f30c7,query,89,front
f25af2430f9345bebb1d841e5867c08d,query,90,rear
44b22297fb9049d682c5ca2921bfc8fa,query,90,rear
115a8b58da1343fd928c9b8e89d40878,query,89,front
dcb5bc6262f24669a59aadae1fe8a9c6,query,89,front
16bb236a08d141388ef98f19a4ca335b,query,6,rear
6bb81302398a41f3a58838ff31bdb0f8,query,6,rear
efa58554232841b693eb71ccc7417f3d,query,33,front
9b715a377ba548f682027f97bfd90fef,query,33,front
1423a1c6689d4577818b5aa7d4dce019,query,90,rear
dd907a79f4e744e2851eafcd9227e602,query,89,front
7c541d4fc72e49c0ab64a3c1d0fd1c08,query,89,rear
518c046dd36b449fab3f0ffe249b1282,query,0,front
623639be18e04aeba2e0129efe84aab8,query,48,rear
12c13948584341d6a5e45dde227253f8,query,0,front
4d070f30ba5d4a11b0b78073f47f11a8,query,48,rear
a376e7d651454d5490a6836fdcfbb986,query,20,front
127639f543af45dba72da3cecff7c65a,query,82,rear
c91c2c649312417aa86fe0975f437d9f,query,82,rear
06975950c6134fdfb4b0ed6a5cf0a50d,query,85,rear
8b60f7f0b86c4168ad03970ab04f5e6f,query,13,front
514ebe94b40c403482de042102289b46,query,13,front
543ddcbf2bd941a58120dad59c45ceb0,query,77,front
107e548bacc844d38e74d9d3d4c6daef,query,63,rear
2b96b856fb814e1ea13121869bdfba59,query,90,rear
b2bd2aeb78c846db8046a83ff0fa2cd1,query,90,rear
dba7a96eede9465fb56a4f743a85c9c0,query,63,rear
95a37fbd9d724d448e13f4ffabbe0274,query,42,rear
e365a82950b3437a9ffd8bbebb0713a8,query,42,rear
5fe3bf5786b54f9f8d85861573fc9d2f,query,45,front
be8193e46ed74126aa2fa3bd4d20feb7,query,69,rear
0d39327b000c4d44854a7870268edacc,query,12,rear
e0e982cb170f440b970c9d9d1946f9dd,query,1,rear
e0249c6a39824516a1c3d7d3d47dfde9,query,12,rear
1c0381823ed0499e8e96e4cfd8b9a64a,query,77,front
2282d8cf50554304ab195b1a53c7d9f3,query,68,rear
c4f8a865ba2744e0b7c4701468c16ca4,query,68,rear
2f5d7dabbac54943ab9522573ada0736,query,63,rear
3d2b131349684742968cd2b214a13f76,query,89,front
e542409acd694eab90192399d89ccb4c,query,63,rear
317db6fcd5d1443fb6271acc6ec8fe3e,query,89,front
b0553ed82597421aabe852652c5915d7,query,33,front
8c59bfc1aa7b42cf882806e395ee4fec,query,33,front
deb7d97e50b24c63943a8af997d083f8,query,64,rear
8ffc24d118e54740a39563141f642fd9,query,64,rear
ff75e5d8a9bb46c9b12855ec33529f3f,query,6,rear
c2b4fed7ce5c4e108721e62f2bfbb819,query,79,rear
ab1c9263088b477082ee7d7c6f73b671,query,79,rear
54e5b71847024cdaa9fd8a7d3fc3ea03,query,13,front
f124583fb5cc42aa903308e1b43296de,query,13,front
d97ddb9bd5c8460ab3b3a13992c1f179,query,95,front
3bb97a2804c84688a699e6d6b97b5e9d,query,23,front
929038d5c3ba4b189fc88a3b127ede72,query,95,front
1d36cd75ee6a4691965cfc6ebdef6a3e,query,69,rear
7baf188fc4ed41ba826b499b6d495286,query,69,rear
6a314fb4bd0e4c2097e70bd43a81fbb7,query,81,rear
9ae6df3c8f2549109316a434d1741a53,query,81,rear
2a8e892e4b784abf8fb9fd55fa443335,query,54,rear
1ac66b061b80428b8b3758bc6dfa066b,query,54,rear
0d4bb3432ea544988cf3bb308b46c8c8,query,89,rear
2b4cf2ff830e462d96c8cfbcee5669da,query,89,rear
2390c8a3de9e49be9617b01f4f21dfa9,query,62,front
e37905b36c44400c9dc7bc0c71a6db51,query,10,rear
a9bb430482a1442a958b35a625eecb97,query,36,rear
62c71ed913414a6f9456293a4c566314,query,10,rear
c647312353a84341a92cd4486a8b9c3e,query,36,rear
cc3afd20f236454a8f3a9ff08992daab,query,68,front
1e1ec51c4cb84f3285f79f7aeb252500,query,5,front
082920d4f79f4c5eb2e805b195ac3e89,query,5,front
759985fc2dc4496abbc7fe23cf71706f,query,77,front
a1b386e9b08e402dba0d820140ba1a00,query,77,front
0fed5c48002b4dd1b3ce42653a372fe6,query,56,rear
5b5008e2d4f7492abe1ff44e2e3e754b,query,56,rear
8e431e5ca5dd49a8984118e7fb05d12e,query,91,front
142af56a899c43098ec79a3f762d09b6,query,91,front
9f14363158ef49309f13b2aa0692d2a9,query,86,rear
ebd3c9006cf5464190f7a5edca24f0ba,query,86,rear
0135e10058cf48aa847fa399f62df6f4,query,17,rear
2e9dbf0f864548ae8bc35b5c0d70934e,query,1,rear
1db84228548c42318f1a33456931f361,query,91,rear
1b5bba6ae5ff4f568094280de0bf2c1b,query,91,rear
7265c466b8cf411cb462945d3ceb8145,query,1,rear
bca392563d0a45d594ce43a0c540b7c9,query,73,rear
bb39e720d9cf4df1a19e4ab20285bf18,query,7,rear
5c427d65b21d4bf387d1885f334834c7,query,51,rear
141cab6e49204199a8fb74a74fa8165a,query,73,rear
7f90d0a672a44046bdf2443f14b82cb9,query,12,rear
06aa6a2cf00d425998b1a815f23a0094,query,51,rear
54a2df3aa63a483b8e33322f74c34dbf,query,51,rear
e2d1cdb4f95c4f47bb20f91e77f469f2,query,12,rear
4a483247df4540a9badb4a94f17d7760,query,82,front
ca37d7b02d7542a0bea6535a0d193dbc,query,82,rear
ada916d5f8044eba9ac39c104e27f797,query,20,front
985e9b4be1fa45b19b48cbd6b1d37764,query,20,front
7b7e0d3f38a3435a83b8d6fb5aba99ba,query,20,front
acbc17523c034d799301828aef6ae58f,query,85,rear
68f05d38644e4af6a8b6cb1bef20c57a,query,20,front
e34f7090730d4eaa871618aa8bb5627d,query,82,rear
aff084577eae48fca44757575b1848bc,query,85,rear
f4763c7dac494231ae593878b63b4961,query,27,rear
adabb6bfc633432cab9ab674c1e0f975,query,21,front
f9d7f4db082c4389a2bdcc19d6d92cba,query,21,front
32ae3069da404e6f843cbd95fa018a71,query,27,rear
605d42bbb0154c76b70114f63b807951,query,37,rear
19805d9c7c944703bb05511bc3145812,query,42,rear
4ed65c954d584e13a9e98e27808e0c6a,query,85,front
9d58ebfc8b864b49a9c970a667fff950,query,42,rear
5e1395d13dc84b8abd6f0452e25b3a7f,query,86,rear
df7a79cf083f40ca846761b9760fc72f,query,77,front
489108f0d3474ebb97eeace77d5bcece,query,77,front
9cd6d1191c914787875042fd76df0c35,query,15,rear
77f7e4ffce974b33ab54c80177a1c9c0,query,11,front
27af2d56825b4ded843852cb1cbe3494,query,15,rear
7a09c2cc2bcd4fbb8b083d6f02a88232,query,11,front
c0ff951246c54333b756315834f32971,query,33,rear
7d8239bb435749bdaaba93674e4c0b98,query,74,rear
ae918c8fd007427fbc53dbaff23eddbe,query,74,rear
b30bc5f593ba46bc8b6fa26692576484,query,48,front
91d18daf6bae44789d31014e55bdf5b2,query,33,rear
8b8fe37d85da4a28a5c27452a42435e6,query,43,rear
a222b9dea1384b57ad0fae45ff950737,query,43,rear
043d64050fe145349300b95379966923,query,59,rear
ab8935721e0240089dafee6f408c220a,query,45,front
00d0f767535a4289833325887d72e3d2,query,59,rear
1d0c8e601ffb4534a871d984ad842a4f,query,45,front
ebd87dca48ae4df38943cc6f9b4f2912,query,0,rear
558c6735b6104bc98ca4b2db381640fe,query,54,front
6064cb0ed7d64bde866fe6ad42b6ede6,query,40,rear
cf344978d7a04303b41fa8b37a18c300,query,54,front
e8f38f28c61d4444ba078fe27ebcbc24,query,90,front
4ec003b24cdc4b138166c6b304000312,query,89,rear
7a0163f3c4484730b1f7324ebf67cd09,query,90,front
4950b6a47e8e44f8bbb0aac7868f4b36,query,89,front
4c620d71caf444eb9f723cc29094dcc2,query,45,rear
1852c13dfd984c51bfb11e6364bf47ba,query,1,rear
0e088d9c189b42fba49c31c41949bba8,query,1,rear
46422438d0644a1cb590332f27fe002e,query,40,rear
968aaed29a304ba7b1a1990450602307,query,1,rear
f3e1733712aa449e916483279ed84027,query,40,rear
4fa08d976269478fa124bfa62b83982f,query,20,front
d9a90abcdd1d474ba4dc176d544afc6e,query,20,front
a340c00c29c84c2e841e61bba8c9b67b,query,39,rear
ee8c72e038f140a5bc9cb4770711253a,query,50,front
fcf7329cd9b742bd82f6e3c42cb5139d,query,39,rear
1a24459300a447d3a68d04bf7b154891,query,12,rear
37cd8f1e7c334f42965941e69fac45d7,query,50,rear
e6c222899c8948ca8776d43041023512,query,89,front
406a4cc04a7b4bf1bedba252a370170a,query,90,rear
9536a093de5c454f8107c944fdbc4de0,query,89,front
ee26c03d830d424ba086d493237a5c76,query,90,rear
f3ab568e4b5948f9ac5e94ddaf848ef1,query,10,front
72711fdab1134c6c884778196c514a78,query,53,rear
b40b5c9909d84456806fed5c7fb41ff3,query,10,front
4fd6e570dc5a4e03bbe54c468c9a570c,query,53,rear
af888c70b0554578b1511b9ccc3a13af,query,21,front
47b057e77a1148e08d82607a8ba8b64b,query,21,front
d004772f2bcb4290817f8a5eaf8e089e,query,53,rear
c5cd895ffe7143f7b76b9704dd73a0e1,query,6,front
4fdf4fbcd0c942659a768bc44c26e36b,query,19,rear
e713b8481db84ce48754efe4036cb367,query,19,rear
2c6a9ad5618343c3af68eb2b03c705ca,query,68,rear
a140cb170b604376817a046b5c07af44,query,50,rear
0b381fa026434777872d3b9ac3c227cd,query,13,front
125d9c4bb335433bb1a04d677002207c,query,62,rear
dc06b2fc4efd4a42ae957e86afc762c4,query,85,rear
ee46cf904fbc4ddfae1da60297817b48,query,20,front
2d078fc2891f4628914aa44ba8603a04,query,82,rear
e394d55c1e79420f832b2aabb8a96d39,query,20,front
946d71a18f264ed887f55c1a9a2ffc4d,query,51,front
e89b67fc618f4ccc84877eb31c645e09,query,51,front
bc267c43ca1f44febd9e7093727ef543,query,12,front
01ac8202a1f44b648edeaa48d9b3be1c,query,12,front
3f6590287d024cde9a430ca74bf005c7,query,83,front
c293e0f7c0da40049992e9ce791370db,query,61,rear
30cf83c6a107496a894c8ee50f9b6941,query,61,rear
0cf92dcb9bc94f0697e76d4ccdd96aea,query,83,front
0defb2dd1f4e42b8867d78c68c45bf69,query,13,front
7e165023b13a4ea89bb41b86336ed275,query,40,rear
bbd916e845d14857ad0f48dd4693ed85,query,56,rear
e74837fbb60c42a4a65d86d1568b4649,query,59,rear
13f2026fed26452685621e4b5e90c497,query,42,rear
a3a3c4b19635404cace83ff7b80a1679,query,42,rear
72772d2296a24491b21db0cf0ffec2cc,query,36,front
3c36c01d06db430891436e7338519629,query,36,front
27f5e7c9028741ea99cbf424d87b7f8f,query,31,front
1ff1f628d46c4fffbf9a44323220d682,query,69,rear
d12ab20387aa452093121c89f55faef6,query,83,rear
cf7d4b9d3c9c4789b84574f7294511e4,query,69,rear
ebadbbba9888428c97cd7f6f9d614d2b,query,83,rear
3ef127b149d24d42a5b4d73a369daeba,query,10,rear
86cc05a71e4440cba336690dfa0149ac,query,10,rear
dda93eeaef8c4891aa99f6851955606e,query,43,front
1c7e49f7fcc1484593f48dc107e63996,query,35,rear
01b3be2b5b2f4891ad053f74f427514b,query,43,front
6da229c88f574b79a9aa35557565a86e,query,90,rear
692f47ec6a394c83acb7708bfd6c7c96,query,89,front
f880dd7555534b77bb131f2d6fa4ab37,query,90,rear
fc88a18e8b6343d3a58e4aab7a84620b,query,89,front
b715f62fa2f14ddeb98cb30d9c54339d,query,82,front
07cc561ef3f04e93a701b6919ee81175,query,33,rear
cb80f73ab9454fa798342057923edd40,query,82,front
c7fdef440d9345c6b34634ef46754490,query,12,rear
f94bc288e76b4781b013d419ca5295b2,query,51,rear
c6a1eb4b8cc74dc0a3d818ef10b1b04e,query,12,rear
f34c07d2f2ad4b4fb027ab3f4c68bffd,query,51,rear
bd6f2e8af94548da8676de16a6853e69,query,1,rear
af596599aa804ad2bbe10c2ddf0b3e34,query,1,rear
680120b1438b42a3acd998a7e00f02ef,query,15,rear
5d17356d82d74aa3a6e6f979ef1796fd,query,15,rear
6b3c7ce1b5524d3e98acc2312a661188,query,92,rear
d31bba63f0c74cfd9135ddb2ec58f186,query,17,side
908351dacb5c427f88bd9aa375503388,query,90,front
33683cdbfab14a3f8b56e5f75d2b3d00,query,12,rear
cbb9562935ed4ec7b4fbd9c04a1c17c3,query,12,rear
2093ec4e54224ee59a6b3df761f52ad4,query,51,rear
034598db2c774843ae5b70f89a468dd1,query,71,rear
e1b0c09a4b5745ba87cb45d6b31cc047,query,69,rear
2ee4e4c157314893ac1677408acd1e13,query,71,rear
d2d1bfd6b701442bac97d11e1bcdcbff,query,69,rear
6da4af4998924e888bc085da81c883e1,query,26,front
62a839f4213d46759d8133e354ae93a4,query,26,front
f22180d73d204b929c77cc738c93dec8,query,89,front
b43451e5261643dab9a0627813d31785,query,90,rear
89b4973e66414223af70d8648086e97c,query,90,rear
cca9ed42ea00433984410ed65b0435fb,query,55,rear
ca3ae3f2f83a4b709148933472566ca6,query,89,front
bc19c9d3d882406886b4dc137c8085e0,query,43,rear
77823865299d48ddbce6d7d7e199814f,query,89,front
5cfbbd42352245fb9ab4e93f0e17452a,query,43,rear
4a03d80a56a24730b633957fa5195cf5,query,89,front
ca687051622e4c35823d965df0139509,query,90,rear
62cb56b35d3847a2858dee237b0a7f1e,query,90,front
ad43fc3957284bd78e7d7c9aa5ab29c0,query,43,rear
5871998e8d6c4a9090cdf17915017027,query,43,rear
102f600a8c1740ac8a06de1b28c5904e,query,33,front
ae0903a7f3be40ce83442e458496fd29,query,0,rear
f9be6242a66b4efabd439a28435cee95,query,40,rear
10ef6812f01b471a8e48fa8e99c81735,query,33,front
fb5376db56af4ab4b8ea6d46d191ad26,query,90,rear
a0e60ab432b94ba291505c129ee405df,query,90,rear
0d29840b4f2a46659bf734b51438e6ac,query,89,front
62865ed38c05470a8919d1070402fa6b,query,89,front
09a6f25650ae474385eb70217f8c4843,query,39,rear
86e1bd5f53b148b9a9522847363630bf,query,39,rear
aa561064498b402993740579853c84fc,query,82,front
de4bd1f38ae04b8da3f5f36bea97276d,query,11,front
3dc160c26fc64d45a5f1e9756e6b1025,query,9,rear
f7cfc69b28204d1681a71216a3dafbff,query,73,rear
7e5d9f74b6724f59ae0911894a898253,query,13,rear
966a64e7651f4b2499587effd1600e97,query,9,rear
296a868a499d46aa93fc77f8e589c254,query,89,front
7b04ec5b87214c25bd25268652df3829,query,43,front
a03259710e6344d1b817f8dc53d9384e,query,89,front
0e271b22304c40fe9884c63ee1fe1668,query,86,rear
43fd128c97194d88bbfe7be91fbc67ed,query,86,rear
8c3f25890eab46379974ac593d629515,query,92,rear
1dfd4a798f224e88a6b4c2980cb31c82,query,92,rear
9174a7587e5048ec86bec7afe80e268e,query,53,front
bcfc6cd4aea34c78891a701698ccb953,query,63,front
2a551336cc794909b0a09c92faf75f50,query,90,rear
23e5bf15809d4629abd7ff7c344b1ce0,query,90,rear
f2a05ceedacf47b598b2cd3dbe003966,query,89,front
764c5cb76dcb4650b8b0a50cac981edc,query,90,rear
c50ae9cd7ac5469daf32b2a1a1d81797,query,90,rear
e9801f8810654cacbcd517b25b89767b,query,89,front
f3c68b7ff0f344569399a04bbff5d1da,query,58,front
ab0c7be344d7444bb59fb3b065a71c88,query,58,front
b136a0d13d7e431a94e54f2a085d5f52,query,86,front
210a3e79a4a149179749cd7a5b127f63,query,86,front
2071beae14fe435b9e3943e22e8b430b,query,90,front
40eb15fd325c48bea6a7988ce40cc33b,query,90,front
7be90785152d4e01b53aa4b1f3c74097,query,89,rear
61e3c16563b44edb85bee0caf5de33b0,query,89,rear
79dc8e29d2a747c793ab1fe11ba6045b,query,89,front
dfc436b508974e349cbf602bb7fe9b7a,query,90,rear
dcd99427d6e64ebcb3af1982854aa02c,query,90,rear
c59bf6abbde846999988749ad22b52d3,query,89,front
a386f6b172a740989c390780b3b856d5,query,39,rear
ad563855246b46adaf5fdeecbfdc081b,query,31,rear
0485db5bb76a491782e78c6e98f4c913,query,57,rear
38535cc9165a4684af9a3ee208dccb9a,query,71,rear
7812e64c9f5a45dea8c59e366c0a1b2c,query,20,front
e0cdf7eb868e4cf28007a946c4dcedcd,query,35,rear
966272e605644a9783d154f8e2038dbb,query,35,rear
9fd9ddafbc6c43a9982d0ef0dcbca940,query,71,rear
4aa3ef7644b6471b805cdbce95bcc6b8,query,32,rear
d19e7fd5a62e4d28bb80ac4eddf34d1c,query,68,rear
26da5929257a4a70997444abb7ed9998,query,48,rear
9538feefe1d84c03874b872ae3f48947,query,32,rear
03b02260fc474ab29d5d6a1398847a2a,query,90,rear
f19622c340af46aabec5a3eebfea35fa,query,89,rear
b2c57f611c954c84ad5bc681d1798dee,query,90,rear
98e31f0110bd4082b8a9c780c4658d5b,query,89,front
ba97c80ce0a5461d938b43cfdc812679,query,89,front
eef39c9128b1421cb4e7b9c83fee0c82,query,90,rear
8a738e1a32764f6aa0c264a4a08e2942,query,90,rear
173559035aac478591718da5062ea4e7,query,63,rear
6fb705d0d2f04e52b810c48e7fc82a2e,query,63,rear
709e314fe2f6437097221a6c9ab0dc69,query,86,rear
f23420a6638046f4b1536f73bc2e0cb6,query,86,rear
1d83fbe02659440394a32de73b6c18a3,query,51,rear
3cf470f9d76e42a68e48c748b6c793fb,query,65,rear
168e52d4211e47f9b447e33469c72127,query,65,rear
2cff6320a7ec4c2aafba5c1e3318ddee,query,37,rear
abadadc5b9f748f59edd8d3abb4d3a01,query,37,rear
2ea6bb0d68e4468e86828a584e75bb42,query,92,rear
983d22fb5ca14e8a9d33f205427d4934,query,72,front
c601d5a9e45b400ab8ffe8a62cc6dd5b,query,92,rear
af9775f02cb64e7a89d41bfd3138d87c,query,72,front
6e03c908e766447c8bca6c98861b5a60,query,50,front
44483008955a408db228e36e7af53fdc,query,35,front
42507e0cf2f146b4a2773c26d941610d,query,35,front
fdd87abf600a4abaa1d0210384b5076f,query,50,front
bd2ab791b5d947aebc36dd63a25b782d,query,43,front
f97b6d6044f64e668c6bfa4856de6e2e,query,43,front
dbdb837b049042bcb0b995828a1463d5,query,72,front
e4e8bbb77d39441f89e7899ac799567c,query,72,front
884628be75bf4632adba41416b2dcb2d,query,90,rear
736b602483e04289bedcbe5e6082e394,query,42,rear
46dfeacada264da795ae8f40feca0462,query,42,rear
398185f5bc8c44629ec6d92103b2a26e,query,79,front
7881cf6f764e4853ab524e92060b86db,query,15,rear
b5a0c3ca548c404e8f6ce3bddb0642d8,query,24,front
16b427f91adb47be8f9ef97448bf84da,query,15,rear
a9f8715606d84f499a84ad01589fc4b3,query,24,front
fd6075f13adb4cdc8540f83b192abddc,query,67,rear
b7c34ab8ac2b44a993051b96fadef9cb,query,67,rear
5fe5888079644c41b966985f5b572f9c,query,90,front
e850e901ed844eacbf240b4358dadc9a,query,90,front
07a659cb697144d5b174a3c714670fcd,query,83,rear
1860486ceb1947ea93fe348ae75fe1f2,query,83,rear
40f9434041994e2ca0b5307725fdd4bc,query,33,rear
75978aae26274d9b926b0b08cc16950a,query,26,front
7fb1043e17c142cf8bc1704c263ae9b4,query,92,rear
13a4af2eb59944b9926a2ceec4e169fa,query,83,rear
7c0b316dd59246b4ba2bbf879d7c9d74,query,92,rear
9adf6404c5364c9da78b1c60e57ed94b,query,83,rear
d1c6d2db55584c7e9425bce6b4029bcb,query,86,front
6a4118df6def4cfeae3bb62650bcbfe1,query,84,front
70e2b8adca1a4fae93ba2708abc854fc,query,70,front
a14d78aab651419fbb973ee24df782f0,query,84,front
44b51300330643689a392e7b77ce78b9,query,87,front
a59bcbf84ffb47d0abaf3c42791c4eeb,query,19,rear
b0133b20a5a9444582fbb510d5158e94,query,33,rear
0c4c0aa7638b46729b25d811b58820c2,query,89,front
077ba3ca8b4f4aafa1c3b07a9c81b87f,query,89,front
343fdc468034438c90562b6db6f39797,query,90,rear
906efceb3d96448092f0c58433b87e1c,query,90,rear
e1236162007c4212aaf19e0771d4b741,query,39,rear
00d00578efec48fab535293ac554abc7,query,39,rear
cb31998c075d450d95c9b67944dcbd76,query,43,side
b3ebec0b824f4a8a8fb8920f8441b6fd,query,89,rear
4aa0e4f3efc14a9ea0bce80841eb621b,query,43,side
497a54d4f7074270862214aee7e64871,query,90,front
1916331efe4549b3be624c41a1538927,query,89,front
5ac53d8e26eb4e318f26ab79a0321759,query,89,front
80c9830759ea407a88a5484659289f5d,query,86,rear
6d337f44e61147928e64eab798fe3328,query,86,rear
0cdbb3c4d2ac4c828901f6bd0a6a2b2f,query,55,rear
5f108ee31ee841e0a7a9c47cc18206be,query,91,side
747ff46c283a4c069b67ffbf8e5a07cb,query,55,rear
8f0d666c50404645b13bfe3e66f42211,query,90,front
6ebcf08b1bfb414a81cb644955467ddc,query,90,front
ba3cf143599441c69bb6e84716c550c1,query,89,rear
f9c6d687d22445a3a42bb5ef26f1efb1,query,85,rear
55ff335679e94c7e9136c35ec45ffe08,query,20,front
2d18983b2c08444f9c28b8ff9d211b4b,query,82,rear
3ffce0f5b295425b9e8dcac59218f776,query,20,front
d8a7ca9c214246edb53a05f963f18ae2,query,14,rear
57062952f9e74d028985df841b24f285,query,83,rear
5d12bfa69be74f498b42610ff9736913,query,83,rear
1ac8ca7603544075954a8714e1990e7f,query,14,rear
5c82142a41eb4fa7a6f77361c5865f55,query,12,rear
7c97ff590ca246898e57f4f75c6d9880,query,12,rear
b439e61143bb452198ea7179e6153565,query,51,rear
fd60a3efb7074ef7b1e3aaf40201c970,query,51,rear
74279677b01649fe9c9330832c44e188,query,25,rear
76f1a57141c141cf8c82961ec4686a1c,query,90,rear
9fb4debf99ee489098c330310de8b65d,query,25,rear
22afc0397a0a4324acedfe7a1e698dc5,query,90,rear
8bb786e1ae9e46dbb6ebe4f36bb30022,query,95,rear
afdec97feacc44a4b83541c2e0c7a33e,query,22,rear
8756904ecec04706890eb72f81305ad8,query,63,rear
8b8151048f8d4951a310c33c9a5d2c43,query,36,rear
ef2a80861fc14e18ab15656a8a125c8c,query,81,rear
0df6b8fc44a3430782efcbe10851747b,query,81,rear
de8c81d294194b43ba2dcbc36eff8ff8,query,1,rear
c28da2f21daf4e57ac46e2bac9595e26,query,1,rear
e12c80d95476447dba9b11c911992609,query,89,front
7c7d36ea7b1242068efef6a72b998b95,query,89,front
b6031a4a73c94a459b6d26c1d8829bd0,query,90,rear
cade21dad7f74878b910ad5e0060d6e4,query,90,rear
21354b108cee4d5a8ea7b2d1459410d3,query,23,front
e5265fd04dc84392b38bfe8ab07708b7,query,23,front
abaa87591059401aa7cacf5863a34f32,query,56,rear
f94a7e7419784d4ebda0ff5f8ef3c9f5,query,68,rear
cecbc55e0fe942e186be8064a4ad80bf,query,56,rear
80d47a70768e407bb5a1cd495387e011,query,63,front
d1c3c4008d3a458ca5c2438615c3a113,query,33,rear
86bed733c05f41519f76576710fcce05,query,81,rear
cb1eb8a8b7594957b332dec5dc590436,query,81,rear
7dfc06c380304101bd335775988b2fb2,query,33,rear
999934829ec2429b967f27b051da6a53,query,33,front
ed4102db144043b6952d6cb9acdcc007,query,6,front
0020ab6d2078440b870ebf4a01c0351f,query,6,front
d3fc0aaff9224a678bb3210f1e8767ea,query,19,rear
8b37e7b8f87749c48d81e99c8d376700,query,19,rear
2e9248c10d1044a2a090d3fa4aa29fe5,query,87,front
8d4f78a13e3e4f569761273ba212d220,query,90,front
5487b0f31d2343fea0caab9f145c7a40,query,90,rear
678907f3b26242c9b3555311ee9dbf79,query,87,front
e69d128634c04bf0aebd7c02e123f5f6,query,86,rear
2b8cd6d21f1d45bb8ae377278a33d5c6,query,52,front
73fbb300f6aa425590b0e4d909f7a1ae,query,86,rear
9d66c66d77b74f5da8cab53f98ae38b0,query,17,front
56efccc089ce469697f14a0e2751fe90,query,77,rear
e31088791958477299febc77d6975d33,query,20,rear
8dfe042169ed4a25b339fab1a8f0f16d,query,20,rear
724bf6d6ea0d432996a6179d83a8742f,query,77,rear
5110e733136c4f9e9e3e0388147c41d3,query,82,rear
d627c1b3e1d84eaf95b43f0b19887946,query,85,rear
62f80659cc834d849c6c533c0376e039,query,20,front
ed92bb218d234e48ac3d86b2aa76aab3,query,20,front
ff83f47b54ea45f188b7e4f0e1004b41,query,85,rear
994020e88b914429981fbfe2cfa5e565,query,85,rear
be1d69a178cf4f6eb0dd17f1c8ddaeec,query,82,front
95430a01e9424f2fb85d7c054d48b095,query,82,front
2a4d82a3bc464739aa7001ddadab5941,query,90,front
7edf2ee95e36433ab46c330e885c1d39,query,89,rear
c471650b1b634a97a2a0fa5c4c193821,query,90,front
ea67a7776ad641bb96024eb085c8da08,query,68,rear
86595c214b4d48e6bf56a1b3d810b7b4,query,60,front
7e0717d2a2af4dd4ba5e3dd3d3f400a0,query,60,front
5192a81fd8094f908c353ed7b3066200,query,20,rear
19526db7bf344d92961055ab7ef1879f,query,31,rear
85d7d994d8a648c5a59c2973bb1bc507,query,90,front
2103b437c3c1452a96d8e7e1e5e20cc9,query,89,rear
21b1c7bbd46b4c41a0df6625bd007760,query,89,rear
16176b85fa7d4eea8ca712599e1d734c,query,43,rear
44a899ade12146e4b8343990c9980025,query,90,front
bf6b8d38a56c4b30b5e752bb54b78f62,query,43,rear
b18687f1960d4a13bbb6477d2e14af49,query,73,rear
d40db3ad6f6e4cb6ade7fff2ae8e6902,query,50,front
14ed0bcfd70f4e29b824ae027aa62fd7,query,50,front
67d233f58d224956a6992019e5ee4e52,query,90,rear
a3afbfc200e74247b56879592dfebb6b,query,90,rear
8d7604f278b740d4aeacdb8878c4346c,query,89,front
8ec2127576a4485793b9d92153318d43,query,89,front
626cb3b50e974ad681234aa162f908dc,query,45,front
94f452ef32d5484fb3f57a09817b9f1d,query,21,rear
535a28e902f348a580ea213312ceb00c,query,21,front
e15e47a180cc428db81815b4d543f5b2,query,21,rear
da51bfb867844c51948b40b82c100086,query,81,rear
ac80730acb08455c893a3d869cfc6da4,query,81,rear
f9840dbad6f34d8dafdf0b5c3bf04cb8,query,5,rear
b5a9253e400f4be2a770d5cc396a168d,query,24,rear
7225852aa975430d8fdd288151e7f0b1,query,24,rear
a96d696a72654ee6b6dc50fd558310c7,query,39,rear
37b367fa65f74351b74612f813c76536,query,39,rear
08f68074e69745d0a65e386ce21fddc8,query,24,rear
68465053fe3d4c0bb46ce2dd5bd8a32b,query,39,rear
893596ad13e54f2daf6287092d79d6ae,query,21,rear
603dd3df1374474d9bb550bfa01147e6,query,24,front
02de17a638f94e98ac7dce22ddde14ee,query,11,front
902d22a8d96c4f0ab484d880bfc2e287,query,11,front
ae7ab0c6a5a14d8e8586a9699557a7fd,query,50,front
b0bed57573cb454590995348d9c3451b,query,73,rear
7599a56ef38f493d9ee1b47c9ae8fb02,query,73,rear
165c7dbc2b894793b9fb4752c3092399,query,68,rear
5d809a0446e94ce08823b0be4c6e85f3,query,68,rear
92568b35bd5b40c6860861e28db2deb2,query,13,front
158d18f87a6b42b483a70835afe005fe,query,13,front
0c0e949f7e9b48398fe5eff0d7dd803e,query,73,rear
4ea8b345742042fd848e678d308fa183,query,85,rear
37bffb22be1b4b25a409e630b58bb3a7,query,82,front
fdff932278894d1885bfbc905009ea46,query,82,front
55c258651d4f46ba879ad04a408ca3f8,query,85,rear
173024800a4148a59d834a44d0998dbe,query,32,rear
04f607a8dfdb4e6f8c795634b207e615,query,69,front
29b78bc662074f5abb91b5e7ee16deb6,query,78,front
bf6af233a7fb4678bde3bcd210972057,query,69,front
3444cb452c4d4832b75091f5da7012db,query,78,front
8f00737911424dcdbc5360702808b86e,query,72,front
084019a95c9f43539a52748e0ee608d3,query,83,front
d7fcb70c976c46d3a977d1bd3acaa7b4,query,92,rear
a44ce941098b4f6b948eb8588bd09fa7,query,83,rear
1778aabe52c7435187be3eb1461b918a,query,92,rear
172e27e7700f4ca399b42d88a4f1c140,query,36,rear
7790838dcafa4412a5fc14b1cf3e7e95,query,36,rear
3106ad6941604756bf3bd61f1cd9709b,query,7,rear
a2efa66a925344b8b896a8a0cfbb2661,query,87,front
e4c0fba56e824b5cb4b6aeb4700f2d76,query,89,front
6242d18df5cd4f5cb63a1105ffbd971e,query,89,front
dc46278e6e01447e8c262d2884fdd9bb,query,90,front
8ba5ddc596414a9695e18a68ace669d5,query,90,front
bc709d8a81a346b5aca36d4ffb49d234,query,12,front
93bbe46e371c44f284f4487aa854a903,query,51,front
cd3c7eb34f6f4d45bcd3a71dd304f187,query,51,front
c900c56e641f49749087f609b8ab6f4b,query,12,front
f747d567755a4d7a83b918fcff6e4b5c,query,63,rear
b52c282983934e3699bf0c6b64dc8d7c,query,63,rear
cb43fab6f1b147acbb71f39df054f667,query,90,front
c0ca3c37cd574f37a90afbcab9554fb9,query,43,rear
0520b04de7b946fb84e99b6ae1269a1f,query,43,rear
c7dcc094c48b40fd94db148562b6f0e9,query,90,front
ddd81e0cf0bf473caeae21db037c05f3,query,90,rear
c7a7fb2ef38346cab2c63eb4b30f835b,query,43,front
53bb342b2fbb403cbc5546f80ef1cf70,query,90,rear
320e73d1bf40458380ad0ac60af40a94,query,43,front
4a790fe3c73f4c1f9565d50067722fbf,query,36,front
b374c835abb74519904d89a6f4367ea2,query,43,rear
358dc33d74d3427697ddadedc1d2a83e,query,35,front
1840d3d379eb48cc97d68a3c7ece76a0,query,19,rear
11c35b811aae4a88b9417172320999bb,query,6,front
6dbd11275bf1493ca16a6492ba2f511c,query,19,rear
26f693acd01d492bae2384f853a7924a,query,6,front
9ec6567a98fa4b3bb0c40f6580f8688e,query,22,rear
d16732c065604317b9457f0f53b9e356,query,48,rear
805041534e3944d4bf48b927f4e971e1,query,71,rear
f25d93d4fff845dbba58d34a9ba4da56,query,22,rear
ae2ef12666344157a4a58eb1012bea10,query,43,front
c007e0935fe7472a9ef764a15c2bae1a,query,43,front
ca758fdcdecf418c8193105975e32b5a,query,90,front
62d4e090de42404b884cdf0aeea36d2d,query,43,front
4a90414f82f14268928f92849227e3e4,query,90,rear
8b1b59a271e64b7d92225d1479ab0fa0,query,90,rear
31555c3dbb51459eb52da0ce111a5382,query,43,front
bb7eb4ba9b5943b6a61ff124ef6239b4,query,10,front
e1d35002bf604e59a1a055673b110d7b,query,54,rear
409ee169523c45b0935d17521c001655,query,54,front
3c0da2e0535d4efab77b6201db1866d3,query,6,front
1693abbd511b40648b18f87e485be585,query,14,front
220c7fef1fe54586b4f4c4ac80924512,query,40,rear
995e4d102a3b41e3b4c81d2e30253554,query,19,rear
32b2409ee0304c6f8c633cf2838fc107,query,90,front
38393c2659214de8b744a8747b3060da,query,89,rear
b1fb22cca72c471fbf933b076b3ba471,query,89,rear
c425735cc2d645f89ae700274561ff76,query,40,rear
d37fad90466d41fb99cc1281af258b44,query,13,front
8f59b2636caf43f29362aad398734e84,query,40,rear
92e239ee1c9942eda10a987e5a192aad,query,17,front
6ca76ef7aa7d4121a75374b29ba7d263,query,13,front
2cdba5196ffe4c8797018ef98b7a52c4,query,89,rear
8e69932dfcf247039202e839e2e4ad92,query,90,front
c876e09aeff84624b8a01d61b99fed1f,query,89,rear
660e576505194cfbb8e673b09a078b98,query,90,front
795efbe9c2fe4b3dbc173c89167f9163,query,82,rear
2be3682989f94c34b19ee0da04571f91,query,82,rear
68215d17cd25495b93f219bc1621c8aa,query,55,rear
701794a02e204afbbbd3a8689e7eb5f0,query,55,rear
fc791f8358f54a66be0e95f809bc8e2d,query,22,rear
24729e6784174289859f89243ee3228c,query,20,rear
ca6805db708f46198fe4e47abb975231,query,22,rear
98ab5e0cc5f8413e993869c9729b464d,query,22,rear
6cd0e8707bc64b2a808ed3479ee223ab,query,22,front
dbec5198890f4c209fd8ef08d73c40ce,query,31,front
ee7c4fd5b21848a380cf4e90f9f5cdca,query,22,front
b0a8fa5a4b474306b97fd69abcdc245f,query,38,front
2c22ed57d17c4aa097b37805a50b9294,query,21,front
ee0bdf8b7e3142509f97816c8fae19bd,query,40,rear
a0b880f475f147f08f11e0a27dc48fde,query,33,rear
fad484e776d145428e5c2ae92aec4908,query,37,rear
f2b99340a8304f42a058a44fd793927c,query,33,rear
9ad1273ff93d4e9fb7ade33dd8e0ed98,query,37,rear
50cb33eef1b94f6c82103b39c1b98881,query,82,front
7990224cfabd448689a4ce3026d9fe41,query,72,front
fde89e1ecf8840fdbb45c55139eec70f,query,72,front
7141972968b840058e50af9c047f1975,query,82,front
978ff949184e4cfcaa6168bf5ec8b635,query,89,front
e8d5f4039a4c41ca879ab577cb031ff6,query,90,rear
652ddece31c14123bb00ca0f797d5627,query,90,rear
35b575c8f0a94d4691d7fa9a39e399be,query,89,front
9137d9f3709b476a856868040dd81177,query,63,rear
19e0f2444bd641bb81c4b9604f3c5b79,query,63,rear
f8922388774b4a008a6c8d856099d30f,query,30,front
d6305586e401475b931a4998caeab35e,query,30,front
b1b3c914d57442e687d0d798f678582d,query,12,rear
1e71c6d2af1b4a24867e8235df8f68be,query,51,rear
10a5c96cf3974eb4a43ee1190f555041,query,51,rear
e06807ddbe0f47fbb2131d40df566c5d,query,12,rear
f191bbfff07e4252b111e35c94ed290e,query,9,rear
3933d083cd9e45fdb173f91329f16538,query,9,rear
643c0eec1efd4728b8264ce4fed0d3d8,query,69,rear
effe6696627f429091a6dd53f02eefb5,query,4,front
8fb15d3cacbd407bb226320c3829b9d1,query,36,rear
9c535651e4904df1a59b82bd2baf303f,query,31,rear
aa2f3a01706344a289a355c547d3ba1f,query,31,rear
67c8a3a3a76f47dca5dffc57df701923,query,71,rear
517a4c8e0e5e4627b780d2ab38493bcc,query,12,front
80e36297d12e404b9094dc65f4ffd3d4,query,63,rear
b5f4062f90b440998365198d9656fe97,query,69,rear
0471ac805c4b456db243f0805797f2dc,query,90,front
72d5e8cd4b71425f86534cb71655d3a0,query,90,front
7c6759369d574b4cadfde359fe6eb481,query,89,front
bba1dbc4ebc4401eb489ace7cdfe3d62,query,89,front
fb8a64be87ed4691b554bac222e157ab,query,10,rear
af9351fd1bff4f5bb9e89603c818f703,query,90,rear
9a2ba0ba753c40439a29734968bde279,query,90,rear
b92407443bc54ed2805842ca07219659,query,10,rear
79f37cf5db664eceb1acbe56e59fdba2,query,65,rear
8d3b90a569d64372a82d9a26b511d43b,query,53,rear
9203f26b661c4f00976012cebd86ad3e,query,53,rear
bbfbeffe205f44cd8c5bd867f70dc0cf,query,65,rear
24b76ac90a84462d903374be9d0b2c6f,query,45,rear
eeabc5200c23495e9decc640bc81697b,query,45,rear
f7df9ff1967f4b5aad8cb6deb163fa95,query,61,front
aa188e907acd4beab124f5f8ad0694d1,query,61,front
dcab7d1f66534e95aab82c2040294de9,query,82,rear
432081bba65f4c408b3f3783b0d361dc,query,82,rear
c385a042fa734b73b1bcbec2e14a9dd0,query,19,rear
0b33aed54f7445caadc031f47ad62603,query,19,rear
8954e57cd5544eba8d9fec1e8cc5ea3c,query,21,rear
285ed58a8d154d748bba60ef4ef0123d,query,83,rear
9a11a8c9bd5f451c8babd3c4dde3d9ba,query,20,rear
68931fb463ea43e2b4aaebfa95817d2c,query,20,rear
ee38dd3bcc4543afa6668b1cb7f04db9,query,71,rear
0c11c50aaac54a2c8cc725ff6073ce3c,query,90,front
b092fbf434e14ff3911418a406a68bd4,query,90,front
76d9f443399e491c9b01f4bb0f487d6c,query,43,rear
1479ab485d6f4065a6b3679d81d7e6a8,query,43,rear
ff9cb85ab2634f23a327ccaa9cf1e87f,query,54,rear
041fe9a0e0e3466eaee94e0c5058d4dd,query,51,rear
63ce6205810547c2adaa5dc2398e9bf7,query,12,rear
701bc8401f56437f823f5613549de41d,query,89,front
f9d2d9f3c3fb4720ba92d227f72aeef0,query,90,rear
127069977daa41d78cd4642f658c4171,query,89,front
11d8ba0cbe2c48568a2d0196a1573e16,query,90,rear
e1b3f03ec240460c895264f738a709ec,query,72,front
e8ef2c2c7af746118efa2021eab8a25a,query,71,rear
eeb2317fd71541c38fd867e246a9ff44,query,71,rear
842dd9ced22a40a896de94a19a1d2d4c,query,72,front
eb6b0705f8744b46a462efa41f20a89a,query,89,rear
482dd5c933c94587b3946517c235aea3,query,87,front
714cfd813314481cb74ce1598ae2d695,query,87,front
1905289530434d1ea5a686725d2aa4a7,query,47,front
c939d86a19284f6485029452c1dd5906,query,47,front
14683a06fc90460097ce4e4db0e55f16,query,71,rear
ba76e2fc0cc240a293e65f918ef3f29b,query,71,rear
56178bece80e4c44a6a45d630a70742c,query,24,front
60ae797aa8bb4341829f83d0b771ab36,query,24,front
539bac7dd76e434db2fec777565e0d2e,query,63,rear
5305b4e53d154b1890d851d40a749099,query,63,rear
a7570f9b55c24fb0bac3c9e4edf6d60e,query,76,rear
5ad1f88ed9ed488dafbdf8181733f084,query,89,rear
0e302f85dcbe44f1bc67317ce56268d8,query,19,rear
392705089c6b4b8cbcde900d0fff9622,query,19,rear
3d450234080f488aa71b15f195d1b4f1,query,6,front
7adb641772574f79bca7f5c97071108e,query,0,rear
470a0e2305e5411f992154553c12bfcd,query,27,rear
f82f3fa0a3af48208d53dbf813b19b11,query,0,rear
cbd2d2ff355d4f0399b9fc51697c9fd7,query,59,rear
355a18bf4bbe449086bfbd70b9b66961,query,27,rear
8801a0c028fe4b9b9621b539d7950e08,query,29,front
ce2ca433804e44b4be720751273b782a,query,29,front
4ea609e9602a4aaa8629b2aa624b0175,query,92,front
cfb9a2cee2044f5e9cab9a1ec0394c33,query,78,front
91753f317b7d415d93dfbb79291ce529,query,95,rear
0f94a6fec9304d4991a954ceb031f5ae,query,69,front
15a8c430cba44785961873a3dd5bc77f,query,69,front
fd824af093e04ae187700d37404ce512,query,95,rear
c9d75d71736c41ca808c70e38aff6b5a,query,18,rear
743f1b2f252548d7910b99d0870f6c67,query,15,rear
27bcdf10465e4c54869c9ceb59013b81,query,36,front
52cd37fed829421d91356a3fb87f1ae3,query,15,rear
f3cba92d050b4d8e9432cb0cc14c3d63,query,36,front
e0ffc5f5610740569aedc8c74ed17c47,query,89,front
fd29df6e377f40b981cba18434381065,query,89,front
f5ff08722abb413e9e24fa4eee6d5b60,query,90,rear
574036f38fb84293ae0fbe592c3c6f3a,query,43,front
35f36e3994484147bfac89ac7f1ef8ef,query,43,front
84ef3ef2feb84347bac472fb9e9d5906,query,48,rear
398defcf45ad43ed8e2633186eaa33ba,query,11,front
ea57953406604eb083a4fecc3606c662,query,37,rear
6d7cfa2d06f64b22aeffa8b5f5294bdb,query,11,front
b81d6cfb08b3460182252d604820144b,query,37,rear
d9348c713e8144f791dd2fc990a3cbb6,query,90,front
961885b72b8b4073afa543195a48050c,query,48,rear
06e690975e524b9089b8d4f9317a1558,query,48,rear
a5bc160edec74fb7a50b0debceb4ff1d,query,89,rear
77a31fe5e10e44c38270d85e569068f5,query,90,front
a508b4ed8aa64d2c8930b9e0f5588144,query,12,front
58f407c23b424ad7858fe02688d1f729,query,23,front
6a195a5109304e06ae0423987650f0e5,query,12,front
df7a3b9a04ad4297aadb288feabf0c50,query,63,rear
684ba7bd1eae483282be0c8c9c114514,query,61,rear
4eda37aa22e54fa2afd5c4d98019ce29,query,63,rear
3fc9d39c9efc4790b7a0864f44c1e28d,query,61,rear
492e1ce165734c99ae0c8142231d6cd8,query,31,front
62d16233117346a88248d0c84e37c7d4,query,31,front
fc5f6e0b9c084686b8bcffe1870bb6af,query,90,rear
9544710dc3234bb3a65179dae0115a8c,query,90,rear
d88623101f5740e3bbbb1be949c2c917,query,89,front
3d4bd2285a9441ceb15abaf963002c03,query,89,front
fb083ec69f5f42f2881407d2176b5d39,query,89,front
94fac016e63749c8a8f0fdf1fc1a90b5,query,89,front
a4f2a13bd2b54360a921c8ef7366e535,query,90,rear
89206a8894c247c8bd87fad37967ca98,query,90,rear
4d36c5e5c20443bbab4b51e580bafc21,query,82,front
517675a3a64847439ecd5791a240af4c,query,85,rear
b4a18167b9e44a69bbb49ee2a8709fbe,query,85,rear
173054bdb88d476dbd153c55b7fabd01,query,82,rear
6676c08920d74d74b3b5e31d76d402b2,query,42,rear
0df5d9aef12b4019955ea3f2f0b2adab,query,86,rear
9e0acd98c27a49b196d2c555deba2f0e,query,86,rear
54c5b5744a704151830ff16cf8883786,query,42,rear
b9de30f0928f4adbbd9e64f944ab0805,query,89,front
1700d60558f04c2581e0c6ecac9ca03f,query,90,rear
f8ebc027345b4689839fa22c303c1bbc,query,90,rear
a815375295944d72bbd877ca7675981a,query,89,front
a5eb956f41154b2fa05333dc5f91564d,query,55,rear
32ca729048eb46ea82cfabc322b2f07f,query,27,rear
4b03b491a7324ddea5bf28db91e66254,query,27,rear
6ee636f0481140ed9b0077791aba92b0,query,55,rear
9e69ec4a3364489c92dd79eb57e83d54,query,67,front
e3d8f037fbe5491eba85d08b7dc5cab4,query,67,front
2e92d21d8386472cb7ae95c21ba476ec,query,31,rear
d0e2f6816e1d46c4896a92a770a52d13,query,31,rear
9db1e0ae9d1e4b078283f3e4fce188a9,query,33,rear
b3e9c337e43d4153aebe5720e9cd3974,query,33,rear
6826037354894b81a24d3dc9a4983acb,query,19,rear
dc99c006397e40808ab1f016fa44006f,query,19,rear
4993ef4ea7ef4074bc9bfda10fc761b9,query,6,front
c7eab26c996245a3ab077b730a658580,query,35,front
b675a73977ed4edbbe06ed1ed956190f,query,19,rear
cebedb652e6442cfb5750e4bbec52862,query,35,front
085ac28270ca429689a32df3a4583773,query,86,rear
e03daa7cd69147cf9ffcfe59b6f1ff74,query,86,rear
7076a0387a924dc1b928b55750f64916,query,62,front
0da0ce17055e4ce4aad17bba3493ecf3,query,91,rear
a1de5e13c3de409baec25b9625277294,query,90,rear
59d5b8a0cae447e3aa9d4441af278166,query,43,front
0c4b7eb545d746869c5419772a6e4392,query,90,rear
ee5f151fd75d45ea92a20e50b7471a5b,query,43,front
2a1dd0d4a81843bea554bae66ecf0521,query,87,front
eccd7d9de8ca4ef5b452f90014314ff9,query,87,front
53690105d8d9451da2c18448738ecbc1,query,7,rear
904b4babc35a4e22bf243f52a41e9034,query,20,front
4ec8d6459f8e4b49af04fd8199016f22,query,85,rear
c50dedd60aba419c9533edaeaa3946ce,query,85,rear
e4692df5d1fc4cccbb1af7348c9844e7,query,20,front
0acc73aefb2c4bd4ac88e33303c8f082,query,89,rear
c3b65a8844a544c6a4819d750555f39c,query,89,rear
3ec39a285da042a1bb003186e6c26bdc,query,90,front
7abfc7f5744b4188b357bacc5c42c49e,query,90,rear
9405bc1ec9c249e080970a1f105edabe,query,33,front
1fe6a337c9114514b3e8dd154c2bda5b,query,6,rear
31557bdb4eee40258e47e89e445b788a,query,33,front
73dbecd0253544b594d72bdfb45f3f7e,query,6,rear
e6d9f19b6de24f86aa66f9c5fd05e823,query,12,rear
81cace07bfd24a26846b03e46c6ad161,query,51,rear
90e717813d404c9f925935c7cfaf747d,query,51,rear
e5fa255c55ca4255a1a6ad8c11fe54a0,query,1,front
e62461979ead477d9cc7f369964f28d9,query,12,rear
5a783edaf5cc4401bef507ec0bf50b74,query,53,rear
07ede7933f83489091e7ac09e75bd135,query,53,rear
e0a1bb27279d4bb8ac27a733753d7c54,query,65,rear
8d21526a81804f01b67fc9c7431368d4,query,65,rear
e099db4616e745afa30336180e470463,query,88,front
4d9da4498edb406687e88c877d40d0b5,query,95,front
1878f6ecc3cd4ae098c87cb8f6d6f75f,query,95,front
122f81ffea0d4ee8a8e0e80dabd6753a,query,69,rear
341c198c08bf4223af06fe1151b3d336,query,69,rear
6936423214e640f58de191bcbb19cfc0,query,89,rear
c0ca5bae25e84345bcf7f81daaa9a287,query,89,rear
ca2cd162b500466a989318642fa8e5e8,query,40,rear
5eea07beb98f41d89ef2eb45e27d65dc,query,40,rear
75f3f9e03bd5407ba9a8ed4058d70b42,query,89,front
134c16196b09479bb303d2505e8029e3,query,89,front
62f621f26198469bbe4acc3c211ac044,query,90,rear
e9102a403ab3412e96b169e8b54422da,query,90,front
dc99976a66254d64893ce4ea5c1381f9,query,31,rear
a837b40016284aef83d53d8096b2f4c1,query,54,rear
066e11859105406c8b337a9c79f27900,query,54,rear
eacbaee168e04572a043403932038ea4,query,90,rear
87525176aae14b4594b3cc3538652572,query,89,front
6f4c5ace8efc459ea9630b048d4f0f65,query,81,front
492fe644141442369b9490599c32871c,query,1,rear
c5430389b16b4cef9f052e00355bb0bd,query,81,front
fe4ef0b1b959405da9233fffe5a1a8ba,query,92,rear
8b45a559d8f643aabfc6ce1311e615f6,query,77,front
923cdbcba1f440f0b8e680f9bbe84bc0,query,68,rear
ce803c95614a408cbf9b99166b3a9db0,query,68,rear
4a9f5a00cf914c0cb76a4ee585a73675,query,77,front
61251687d2444fe8b74dce9025233ead,query,12,front
42f90bf7d5ef47d8b2f88399cb0f3a2e,query,12,front
b3c99c83d4e34424adca9ea35f3016b4,query,92,rear
cc2355a9c26249c0b3722824339d73f5,query,92,rear
7e2f96b3e0ce428cb02c7ab9d85a8cca,query,33,front
c1de7b286d874eeab76f13a3c0d2f90f,query,6,rear
e61649949748401a9d06187bc97c8b58,query,6,rear
b81b07771bcd450f9d8eaba7182f30c7,query,33,front
10477b255a0f4b31bdc6941e131708f6,query,71,rear
98224d85c5a5408b97fc3f91e37c6172,query,77,rear
9cde6cf03d36463a9fa125c9a5d8579b,query,71,rear
97496eac7339419799091685c1a6c966,query,24,rear
308e1406bba647a6afa6645b35e09bbd,query,15,rear
eaae15d0cec34edcba4d16f18e51feeb,query,17,rear
2fa2158b5d3142e1a336b9938e7ec3e4,query,89,front
b3e94875f12a46d49a18038edf575672,query,89,front
bb76a200223d446492dbeb01f3dcd83c,query,82,rear
249ef4fd3a32489e875b8ff944f609e3,query,85,rear
08a04363ed37468191357b12b4afa016,query,89,front
62e089fa066d404daadaf7ab2e75f3c4,query,20,front
772aba18a7014577b8975d8f66f55383,query,89,front
222088ceffe04fd9a94096cfb805d9aa,query,89,front
215fa8886dc743ea866c55c92e55275a,query,69,rear
c15e316f43844831a8809cd85924e3b1,query,90,rear
fb89d31587634cee9cf443d998d56245,query,69,rear
a9c15421f19d4bfca5a2210dbafbd327,query,33,front
405c71393da6481db0f9c471e6ff0b9f,query,33,front
10672c8813224cd19e1b65d21bfbf3fc,query,73,rear
380188fc5ffb4a8db6256661aefa22ee,query,6,rear
78bedef4e219493c8b9a059437b0c690,query,6,rear
a73bf22ed53e478bbdb05661b2bb34bb,query,56,rear
f8807fdc0c904075885c336e24827732,query,82,rear
c21fcb50e9a24b558b8fcc3a2d0f2042,query,81,rear
0e4f6fd8c126417aad3dfe97ea1dee56,query,82,rear
11fd1036e3764df2a694b62f3f7a04ca,query,39,rear
16f482cec0e0411f8a1d2610a2aacb63,query,39,rear
cd59d2d18bf04a6a901a0110f5fc4b13,query,82,rear
a3447d7a1b25452ab7eb7228d9426dbb,query,3,front
bc979d6c4eac47c3bd21510ffe22054c,query,58,rear
8033dc78a96946859252dbe5da10286d,query,90,rear
01ac48c3001b4c44a7b582ac608de711,query,21,rear
7c0d5434c5bc489793133ad27a07f74e,query,21,rear
37c59c24c4b344198d9d5abcdf597519,query,90,rear
70b93f2c45f0428a89fc7fd8ce0b6106,query,89,front
b1b978d0d5a04bd69d56ef30d2af57e3,query,89,front
c63f586816974c308053ab40652e867f,query,89,front
6ea9898485944849b1119856b900eee9,query,90,rear
e3fbe9aa3f674b32824114cc216c78ae,query,80,front
db1e964f321c4227b0b29f870ee1f47e,query,89,front
8b132fbf58574d90aa4cf5ddc704b658,query,89,front
8cb387b1679843169efe77577286098c,query,90,rear
bd22a678c6cc469fbcd9725604a12326,query,90,rear
ee15d39bccb6404eb47fcb884d906454,query,92,rear
ccb86f144be341ac9a6ff07647fc1e2f,query,36,front
de734ca5438c4b22a9e1d7e170c3c57c,query,62,rear
1b14bef50f7c4e24afcc755f17cc10df,query,62,rear
18283806841d46c39db8e7fd20713c52,query,63,front
5e304e02eba04f73a50005680ad397d9,query,92,front
17746de5e371420092452c78a59017b4,query,82,front
496cf23a51bc496da75e8ef2f4847bd2,query,85,rear
62d8c95fb6f24a1db3cd303bb5b85396,query,82,front
fa8048c81669437cb087918eab24b02b,query,36,rear
b7d522798dc7498da4a40704cbb65a53,query,86,front
23701e1499d04d6f890fffb1a8d95746,query,86,front
d8e490c2dc4e457291f1e7bb4ca941f2,query,36,rear
e2c006dd97304dc5b599c8334ea91da4,query,19,rear
180a003741a9400fb647528c1b5bcccf,query,18,front
d9c92c59d5aa4726b77e009485c2ea31,query,22,front
11ce9ba7b6bc4478a9c51c05eeca19e6,query,6,front
95a503cfa55a48d6a01d293cc25399c0,query,19,rear
fdd0fecc1fbd4f8da6683ae92d766e3f,query,6,front
a63b30ed19774ee7bd8c65b80994011f,query,19,rear
b7ee6050d7ff433da190380cbf6c568b,query,36,rear
9f79b85612a8457c9560f5188ba8de80,query,33,front
92842816932b4cedaf43f4075a7295f8,query,19,rear
0ba88aef47574c8397c6bafc945b9a6d,query,51,rear
908bfd5077a44b398cdda1f6b068ef55,query,51,rear
a165443e0d954522807ce0ab172fcdc5,query,63,rear
f9f0efaa4a6142a7919a132744822ef4,query,43,front
a1022ebe11dc4f2888d2400773e35559,query,90,front
095cc723607c4786bac59694c8e22fac,query,89,front
f975925d733d40bd99cdc31b176a5add,query,90,rear
f71566d731d04b0fa7d5306ca6d5d1a3,query,89,front
6e42a161c552498789623a17244a874b,query,90,front
947c873b63474e1c81b5f7d75177694b,query,90,rear
1869a01128ef42e787aac2c1e61067fd,query,89,front
4e741c03bcf2485b841a422cf7af28e7,query,89,front
3b718c2254b44a6b98577df37cfcf2e6,query,56,rear
5c555c29b0864fed9559512fc8b56e7e,query,56,rear
62c7211abab24fcca853aeb2813a880d,query,13,front
0883118ad1b2497ab0b9df2a1e2b16b9,query,18,front
f79a2bf431ab4c86b494e19d1845d00c,query,14,rear
a57e9b989c854296a345aa9dea1c5cb4,query,24,front
8c894f4ececa48fe8b64acf34a77674e,query,14,rear
8257521498a64a9fb7b41143b713373b,query,27,rear
78188b8c0642428fb591262e5d86ce6d,query,6,rear
03d5ce4601154cbdad2bd459235427ad,query,27,rear
e46f5e15b5ba480db90f0be1f5c6b070,query,71,rear
0e8d635cc3e241ddbe108bab5a0f863f,query,71,rear
b6a711f4ec9b4b1bb1bcd06f684f9c22,query,90,front
10346a6c05be419ba2fd6398a619c44e,query,90,front
c2b5ae1e1c2c49d39e7b25d5660dfc10,query,89,front
4a7c88e745974776bdca788eeafcb775,query,89,front
350aae48399c41099ec9c648db89df25,query,91,front
09b37860da4b43c98172983e0ca57104,query,91,rear
1a78505b4d0640aa9f35eb528818e54d,query,32,rear
b2decece9a254aa29e885325d7e10a91,query,32,rear
1ba78638d99a453298a17f233049c981,query,13,front
e796ebb3bb6040dfb158ab774e2073f5,query,53,rear
1ee672ab946e4272a171ede24ff00adb,query,26,front
b38d1801df8a4cad9d5ac01b703946cd,query,36,rear
c93b2527aefe464c88f83b2c5c05a5f3,query,53,rear
6ba0f16f8a794139aa559865c689f392,query,90,rear
011e2395f6a74299aafef3ad4c6e1bd5,query,89,front
fbcfef1ef1bc43e3bf9e78155f27de0e,query,90,front
e213427aa5fa426b826fb892aee20bcd,query,89,rear
4d0df524bcae4a17b817d5eb1edde03d,query,89,rear
2382285186b14233b2a574461eead3a9,query,90,front
91918319e16747aa9a1d9dd6b13b960e,query,90,front
de360956bf524b1783abb303a77d92b5,query,58,front
18eca8b91ef14435a8d3dc3cf888e60d,query,84,rear
71a406ea72c94b068788a3f7435fb47e,query,84,rear
d67d3ded66fd47dcbd06a4e0d110046a,query,89,front
a1ee60380a8341b4a22b01efc9c91484,query,89,front
0ba701552aa94bf68368b5382edfd973,query,43,rear
d80469792ba1435797dbbd8c826c4dcc,query,43,rear
a2c9e517dc6d4e6bbbfc226aa45adb37,query,90,rear
94e80e2185c943e49ef7d81012376cbc,query,21,rear
dc79be5806cf4fa1b7fdf18adcb8af3d,query,54,rear
7301669f98674b658396f1d96eaf98d3,query,1,rear
8d37ca8985e84bd297602e977ec9487a,query,54,rear
d7577481d2284677970ac7a876a6d295,query,21,rear
499f89e2519849bfbdcfb7f09d470c08,query,42,rear
1e4b598167924e35b74d3da0df1f2de1,query,38,front
c7bd4b551343446fb8edc262aec1a374,query,28,front
219b73b7828646f9bb608aec046837ee,query,42,rear
9d11ca9aa5d24f68aab627b9e93e698b,query,90,rear
cc89d7fa93924af1a154d57f1f1cfbc3,query,89,front
a3a0aa5e67f44552af621d1abeb18c13,query,90,rear
2832c5b8870946c69ac69731c0ec1d68,query,89,front
1403f18946f64e94915e337242ec189f,query,78,front
104c41a52ade420c9d3dac7c3c0aaf80,query,19,rear
e8a3dc97d68d46b6b42514168c735abb,query,19,rear
d93d116f2e364d0c956fe7f93f434129,query,90,front
8b13db18ea734cf391e49a434b75757e,query,90,rear
89345620586f45b098d21a0c401cf8d7,query,90,front
8169f7fd48544fa082dae25d882a787a,query,89,rear
7de9406e3c12409081f8c0ebc2127441,query,20,front
d5f199eff49445b491565e80e55f8e53,query,85,rear
70e5632cb4e64b128fb44a897571245c,query,20,front
aa61f461ceef43859129c5b33e8bd9a5,query,82,rear
4095895ca5d6432d8c9ca23b6431250c,query,18,front
04d06c5defde4dbf85a0c11fdd459eb8,query,18,front
eef8e982ee854ffa9e9c5af62e17c155,query,7,rear
5a7d3f99251048e2ac81d5ea8c49c767,query,90,rear
eca00c36492249e08f99875a5e115d84,query,90,rear
92e3b7a540a547d8ba02bddf82f83380,query,89,front
d5bfa4fffcc249fe89deb2d4410919b6,query,89,front
578d9258cbf8456ba7d9f83130e02184,query,35,front
281e458eef7b4d77b67d424744237fbc,query,35,front
7f6fdd98bfc5410fb6c4afa8786e0b48,query,85,rear
cb84a0b8bd52401daa4762d7975d4fc7,query,71,rear
05021100f4bb4885a338db368a83cc95,query,85,rear
f7ad8b57414846b993e2ca44f3962ff1,query,82,front
750cd38aa39e4281ad616eddc8f5a983,query,51,rear
c81df43d512e4bcb85b00b5f6763f6cc,query,12,rear
a282371ee5c74dd98f0cada75271b7a7,query,51,rear
0dedf21ad5ea4607b710bc0cccbcc7b9,query,12,rear
aebc45203e45452db8eee17826ef2c46,query,6,front
3e10372aff9641bb88682abca29e907e,query,19,rear
9dce4a0759174753b62b3cb51b8fb679,query,20,front
5596e047713c4a59b1e70561fa034e37,query,33,rear
6c348ea51c8b4750b956383a3b9a84c5,query,82,front
c56449c78d8549cd9d227e4693e51c7e,query,33,rear
8a4a2cf4736e43f8b21f72daeffc76ee,query,85,rear
f6bdc5e4c3894a41897ace2fe9061a90,query,82,front
bf133adcf34f4470ae9ab34f8bcac84b,query,85,rear
198ce01eda8e4bc0b31c457e65ddc39b,query,82,front
442c28225ce642b182163c39ab4c776b,query,85,rear
bc44523c44214d88ac687d8e05a28a8a,query,85,rear
e41cc56f88244ce7a26e583bd54f506f,query,82,front
b6cd550fbc9a48008039483d12ad44eb,query,82,front
d425f86b0d264c76a6ff6edbbb718fd8,query,15,rear
a0ef1a7a1e304bfe91a8c12abf972c6c,query,89,front
d8ec79e0dcba49fcaa2e32c4a56d98fe,query,20,front
88e851f978154b16a0a01f8df5255703,query,82,rear
3ad82a6c3cc7421199dabde4d1c630d1,query,85,rear
957fd0aaa98b49cd8b0aeeeff8fe554a,query,20,front
3ae64cd8d99e463d84ad390f0770863a,query,89,front
83caabc655aa413fa28ce75908fc82c3,query,89,front
b2a8b82d886042029e4d7b75f606d3f7,query,90,rear
5ed3368f73bb44e6b4ad520a68661e92,query,90,rear
55b8c9724a3a454c9e37de654b24d293,query,1,rear
515bbdb925064e5080053f5a3bfa72c2,query,31,front
bd68648028064b068d1c788b7b8b35cf,query,1,rear
191675e5da5649c9ad0e649fba7469fd,query,31,front
917a01f6ae4049189b017ae05f4e8282,query,43,front
8099552462944c5483e6c7e77019cd09,query,43,rear
a9a932d9787f4b1c9d13926b41d68e8e,query,90,rear
69a7253a5317474a980b4e9538e2df59,query,43,rear
54e1f0b191a74c1fbe587bd189dbefde,query,12,rear
eab46b3eacfd4c65a5d3acea93bcd635,query,43,rear
77ba7373423f4871aa84b0e9e90558da,query,12,rear
ada711f5328244f298daf7e98150c7b2,query,94,rear
b59f7290ee4240fba85223d721d2aefe,query,94,rear
d8235671d5bc44ea9bb7b027f4c3bb3e,query,45,rear
518f59c8010c4dd48362de2cb03f5167,query,45,rear
c313a0d413ec48a6a2cbd1df9d98d820,query,53,rear
83661848dd63461885371664f7c4bc51,query,53,rear
0b47b27e631a492c8956eba727078681,query,31,front
d0e0af0e83ea4c3b855152177e8295c4,query,45,rear
3c7adf3c0f6a48ddae27f1be8bf94c98,query,31,rear
9ece5d7b95974244a7560e0a5516708d,query,35,front
6b69e25d73f148c98af914e308e2396e,query,35,front
f443d2b48e9f48748ed811a3ffbfeeb0,query,40,rear
ca49f30627f348ebb9db4ee0577e1d96,query,72,front
3edc2638f7bf459c90061b70e170d78e,query,72,front
4241e3037cc4416b9760a32dc49b4d49,query,40,rear
2c1eb27749b548ee9cc13137105c60f9,query,19,rear
879584d5b62041dfb4cfbb779df86357,query,6,front
f21b02728ff6484fb3fd4a60399ab492,query,6,front
d8456095cf7c4204a086a014ff2b3c14,query,19,rear
3afae5ea042d4934b4e05a905c277730,query,17,rear
c6c6941b06454b858b384b129f635fbc,query,94,rear
164fd25714484642abf3c2f90a97a8fd,query,33,front
3a05b06fa1e34ff0b02748d47a9e6360,query,33,front
fec5eb7ba2734bf5b777bcb611801028,query,74,rear
99fd1c486f1c4dd591b9a6ecf8054b7d,query,74,rear
7613bd74728b4f0baa8eabd0aefbbc29,query,90,rear
4c482b037ef04720a8eafa90efddd03b,query,89,rear
596b8b0b72be41a4842150fbbd18aead,query,90,rear
99794362eca94e2ea0536c628c097ee0,query,89,rear
517088ff1e71421dbc66c81c7b6d809f,query,1,rear
67f17a1293154579a1047cd28690d783,query,45,front
376dc48ffd5842e2b10ce1bfe8617a4f,query,45,front
e35f15c7fc564b948c6220d15268f95e,query,1,rear
7abc7ac040a84ae88177c3b2d510f7cb,query,53,rear
dc2a5233c1944b37aa2c99dd76665f2b,query,51,rear
27b25d301ad34851bd0df3863116a2e2,query,53,rear
2b2bf37314104deaa800c3918ab54a33,query,51,rear
3c56e94879364377bc8bfb7a92d403d1,query,1,rear
c28224ae63704fec95ee0278f177f277,query,35,front
2c9175bf65da4030a4bca9f358cadeda,query,33,front
7567134f761c40a79567b3f82e31afdc,query,21,rear
e95e0daa9ae049ef8be95f459b99d584,query,62,rear
ee401564da1d407da8d97b804a5e3801,query,36,rear
77ae6ded0d014f36b371a4153e05c4ed,query,91,rear
8a0213e5d51f4d7ca596a5163d04d39b,query,71,rear
49a13f972cb940089aa409b42b7e809b,query,13,front
42b7373e7edb4471bd9cd69dd50bf4f1,query,36,front
f387e105e9d440d199759eb2c79cd950,query,77,rear
a75e0b290bc941358cd4614e21662749,query,77,rear
1c30f9917de0495eae26b471a7cd3e1d,query,13,front
57378df73d2a41698b22cc6d6171529d,query,90,rear
ffa661c1e7484ac0bd1e6fd235a3cc5a,query,90,rear
b2ab0d60cd84497b8493bee493f63c20,query,89,front
5cbead44a3a74909ab9ed4a89f1396cf,query,89,front
6e174164c10a49d8a9483ad16d690598,query,86,rear
1472ac5adbe24310ac0366a2fb7c4d66,query,18,rear
7df15c3f44244335b645553730704ae6,query,18,rear
d59e2a4a21bf40f9b53614eb370d1190,query,86,rear
fa321eafe1a9412bb6e66f46ae22286c,query,89,front
503f076c7e794fbca12dae4217643acd,query,89,front
14780abe56584d7c820310e42bef8f59,query,90,rear
695fbae9ce4c4e3ab42253368b1e2cd2,query,90,rear
c4b6717a4b55444ca077700ab06da875,query,12,rear
7ddb092a89824767b09eb8b07c8f67de,query,12,rear
21ff6809479e4f828a199d580c8ae4c1,query,51,rear
763242c8ded1422bb4439fdb575fad5b,query,51,rear
5ebf97c863dd4c5ba61093f8ab07b15d,query,69,rear
a9852ab7f40a4b35a004ce7c87aac7b6,query,95,front
c8186591409f4404a006b302ed5475d5,query,69,rear
afc4b3ff44d1405c9ff0cce76fa55d76,query,46,rear
9df4eaf2213048e4a4ca33f6d817a0b9,query,67,side
452c8a69dd45447f976e014338d22ae6,query,0,front
9294a2cddd6848f5a6bc5c647fe94884,query,46,rear
eb3962be88734097b437832a832493f0,query,1,rear
4bb99b51272145f8be128cac5ef3bd65,query,36,front
122365aed2d049328715f0fe1b2a43c7,query,36,front
742fec743e3e477785a08d04b8407e64,query,1,rear
c3484b8c5f024854997f34baca483cc0,query,12,front
94e0d776b3794ee083e5c1681cef5d04,query,51,front
2b23b46313714edcb7da655ef18a0f03,query,51,front
fad34cbf60564c3f99677bb2e06263aa,query,15,rear
a47ae5564b854b989994a2a30367bfa4,query,12,front
9113b0a4a5e24e61aed364a478da29ee,query,48,rear
b3926611d2914adc8eadda384ed96905,query,53,rear
36bc21f1eb9547d6acfa87c18625fa92,query,53,rear
d7becb5524844f73b41af1cad1c1266b,query,73,rear
f63ec53d7383437a8d1e627efc4dd528,query,48,rear
d76ebc807f524eb9b8f95b523304233d,query,6,front
4b8fd90e4d5b4a25a57652c495f66ea5,query,6,front
9ac82778d5784882b02b03d8ce1a4ccd,query,19,rear
dee104ae444246ed89dd5a5796eafc0a,query,57,rear
9a46e2903ca8474d9cb7fe93138049f0,query,57,rear
bfa6dfb11d9e42a98ba3ab87d5f2ffde,query,42,rear
f677dfcf19e14a9faf24ac74066422c2,query,69,rear
98fd88d0387e44c3950f7955f062c9b3,query,27,front
90efefd1c3314a96b5fd32625e55a054,query,36,rear
b77b731d5a9c49139163f1fac2ed9337,query,36,rear
dd2de907048e4d1ba625a54ad1bdeb2a,query,81,front
b1494352b57f4f809fbe88f8f61ab247,query,15,rear
841cacf592b14de2bc2fcdaf4995bf39,query,69,rear
a8c2576da05048d4a652ebaf10c7447d,query,63,rear
4237232296b841bd8be058dc85f807b1,query,63,rear
9c8f594f127f4823807c7d9a40bc9547,query,74,rear
e0f3fe21dd04463787d620860a0ec6a2,query,74,rear
26a7ded48a0842c28c407984aa614b3c,query,19,rear
95e4e242519d4cd9bae0a574d881fa7b,query,19,rear
e8f5726fe08646aab29fd6e5202c7f88,query,6,front
3bdf75b6d56a422d94e6c850d515d3ed,query,6,front
978f36c5e8ff41efa416cf6c32ca240e,query,90,front
57add4e71a1c4202a2502065ae10d002,query,92,rear
9509c30cb1bb48f38a20b700b4c3456e,query,19,rear
e25640a5cf1a493db2690655a45676b5,query,19,rear
ce1ecc1569cc4b1ca2945be90a005698,query,92,rear
0c0b0a3a57ae44f5bc9a682ecdf7017e,query,38,front
60de40f69385488097a1e4a1e36a7e71,query,38,front
e24bf2d26b3447a0a1cabfedc1474778,query,48,rear
26e498e22958483fb8c239d967efe176,query,18,front
0e5860811dd84425862213b698237538,query,48,rear
df7ea50171af48df81584ab7e8107d15,gallery,89,front
e79ae27b52fa4d54aa37735fd275c66e,gallery,90,rear
23199e1859544647893a97ea365c5c83,gallery,89,front
34b736136487439389c10cc6bd4e9f4e,gallery,90,rear
fbfaa119f55a477984e42d80498f54d3,gallery,90,rear
41e657daa20545a588584578bdb4101c,gallery,89,front
57bcda73abab44ee930b20cdaee9d24b,gallery,6,rear
0accd1d0138b49049d437c0d9b1c23c3,gallery,33,front
04d24d1cf42b4f7787d8d300cbad6d50,gallery,90,rear
dd36cc0867b94d55a43b82c1c9a0e95c,gallery,89,front
b83013f4c5524232814efa0f8651867f,gallery,0,front
27fe100af7884932a33bf30f10dacc55,gallery,48,rear
ce4fdd5499f8498793c11e586f7da70c,gallery,82,rear
c3f66637872c4141ab3898296739457d,gallery,20,front
1aaf8edc37ea412b85e3d1b5c5317051,gallery,85,rear
da61d9bc8f024a4aba18d5c3072b7838,gallery,59,rear
51c6049a18b84ee381d0512e40b67c0e,gallery,13,front
6b4676aba2a746b3ab778315afc8ee82,gallery,77,front
7226603f024c45c6a6e44b00e52e8aad,gallery,63,rear
f12e9e5805534d719f829332d1ea5d29,gallery,90,rear
a0b4d283f12a407286dbeaa3a4d128a5,gallery,45,front
93dc50abd35349f7923100dca2f41002,gallery,42,rear
8683a3ad55d84a78834fabe20cde5269,gallery,69,rear
4e4495962a9b4864882397042f1a2b3e,gallery,12,rear
78809cb3c6b841a9b8b132133dd6bb96,gallery,1,rear
ff51ca928cd54f4da620c27983e221f8,gallery,77,front
6dc5832f0ac04df2bd99c6415b3ecf09,gallery,68,rear
590df34aa41f46e9ad13ffc6a98da3b7,gallery,89,front
f9fe93fae6084350b81964d354e2130f,gallery,63,rear
174581fc299840e18e827432c0cce4dc,gallery,6,rear
d53fa54d5536463ab0d87648dfc5fd78,gallery,33,front
ec07b4e88bea4086a5eafed96d81edb5,gallery,64,rear
33b5e2ae5ebe4f548bac3a00ab0a59eb,gallery,79,rear
6c79712e67b54dd0a11d426a91207939,gallery,13,front
0433768f874042a5b2d2e37ad9deae13,gallery,95,front
e6afe89ff7bc491193141c057083d8a8,gallery,23,front
f92d16d3a970487094292439c3e00923,gallery,69,rear
87fc1d6a57ea488786caaec8599c3b8b,gallery,54,rear
797cc520b8c94d9bbef187818ab51647,gallery,81,rear
a297e08effdf4a69a6c4d79a34a0c6ad,gallery,89,rear
ee337b5c1ef3431e9c120250bfec4cac,gallery,62,front
0bd1cce9370a461089e25393086800a8,gallery,10,rear
6f57d1175ad243edada61643d01fcd54,gallery,36,rear
7ec1584e9a5b49eab9ef249143d9bb86,gallery,70,rear
e96fae6d607246b18b8494aabe521036,gallery,68,front
65e52d14d4d64d4fbad3de6ad319e745,gallery,5,front
29088685e31a4d86b60b514e98117361,gallery,77,front
cb2e893276894906976593c3edcb3a5f,gallery,56,rear
2839430464164d5ba00713b42d4d96e4,gallery,91,front
61d2391e8bc548b6bfa08f1ef2a0c47a,gallery,86,rear
90b560de76b149c09c7cd6efb3f12cfd,gallery,17,rear
b3f8b4bec0164d0e81997b4f5a277e8f,gallery,1,rear
c2a665cec90e46db8d2a74389beb4649,gallery,91,rear
68aefc97056440af874039a28497cf98,gallery,73,rear
86179aff3df24ff59b11e9a34974a3f4,gallery,7,rear
b6da55bea1244cf0a753b258420946b2,gallery,51,rear
74bd120b8f714d03bc9dd1a703fe4d7f,gallery,12,rear
9677dd2a3aae457a8079087ce4177e14,gallery,51,rear
02641488de414b72b63f62b40200b101,gallery,20,front
6bedb2d6ace34e18811b7f1206b2d1b0,gallery,82,rear
5cf392f15360460bae6a6b0182bb99b9,gallery,82,rear
812a1568c77d46e695f8eb7357e24a0e,gallery,85,rear
f6061b71031b4ddb9384f86c103690a4,gallery,20,front
eff24b01b2f5428baa4c3fef6cb40d41,gallery,27,rear
01bbbf1caa554d94b5decb69cc1add41,gallery,21,front
a94cb58f1ca8456b96e39b5b1ebfb7ea,gallery,72,front
30c71719aed84c07ae21d0eff0deed72,gallery,42,rear
8889c114b071429cbe2418f5b0f2024b,gallery,86,rear
e343a998f4df4ac195c84e0fb571a393,gallery,77,front
f37d285ad0de42f0b1546d0d1acfb221,gallery,17,rear
a0408a6462b24cf18e50a8616359d5ad,gallery,11,front
8746ae2ca7514699b629b4d9b5fe95a7,gallery,15,rear
70aa10580bfe4069bdaa5721ae2d29db,gallery,71,rear
408ae6a767874fc782467ec2f054ad15,gallery,40,rear
632cc2bc04034dd4848855fe6497262d,gallery,74,rear
4152360a4bea4cbbbfbe45ff3bf7f62b,gallery,33,rear
babbeca1f6a244a2a11ea77a3855e70f,gallery,48,front
cffbff4deb374fcf850c679899c6e3f8,gallery,90,front
0b57f893483647c3aed811775a4c4c04,gallery,43,rear
ba8d0208e32e42969bd4349cf24f6ed1,gallery,90,front
a055f8188384479a8bad418f7dffd9a5,gallery,45,front
2070754bb5dd4a248be9c2a6a1a9d381,gallery,59,rear
5c8a8b7a59c54b9aa7b7136fd91b5869,gallery,0,rear
8fca2e4873e946f7a788af2b846cebd7,gallery,54,front
9094e936e13641cc9bfcc7dc1408d86e,gallery,90,front
4e7ee74be72a461fa02fa61bee62bdcc,gallery,89,front
772cb9726861451d9972604da6f65c55,gallery,45,rear
189a3b686ad14c24b5e1a495f76dd239,gallery,1,rear
37ae696e40dd42ebb4738722daa3c523,gallery,1,rear
bf789f42ccfc42c5a330a3f6e30ddb83,gallery,40,rear
ee89670285c74e27aa174dadf39fbca7,gallery,85,rear
66cba49431224a3788f914d6a80165e1,gallery,20,front
ca0fe2dd97434e2ca7aecc38d4f1fcd9,gallery,50,front
bc13c2b0221744a29a8ddf56aa015df9,gallery,39,rear
99a52c93a3304ec18dab9206f98f2a8b,gallery,12,rear
b77d8b7bb0114c379139d280a9210e83,gallery,89,front
6c874292dbcc49ff8bb8bbe5643593a5,gallery,90,rear
051d304b7139431fb3bff19b4e75aff7,gallery,10,front
dbf0926f9f344f1d88b114660db4d2eb,gallery,53,rear
ec4820b018a04967a457a9c032a51dc6,gallery,4,rear
e8f18e4bdf054390a1768978dca8e430,gallery,21,front
9909a671f7414c19b2727e7d4d4dcf1b,gallery,53,rear
e8c8742459dc48a49080bf0e5b3fdee0,gallery,6,front
27a67d3e76814297aebf64e03d14c336,gallery,19,rear
4c293487c809486585d65ed10b2cb1e4,gallery,68,rear
67984873125e4a0f9562179c906d1b0f,gallery,50,rear
e2769c67dadd4c988f7ccf249a998a56,gallery,13,front
664da77d25e74df693eaad44a5e7617f,gallery,62,rear
59e4dcf2794943b18fb902a6eb475ff8,gallery,85,rear
03df72bcf3504272a27f4bbaea89118a,gallery,20,front
26b18153216b48d793b75598ddb54d77,gallery,51,front
4a7fa5a1bafe4b6995e2920444ac07c4,gallery,12,front
2939ef012c5c4a1b94b49df9469dfb3c,gallery,61,rear
8a464aa9e2ee45d0abc7ae6181cd1bda,gallery,83,front
14ca42308d3141fba50b774042144343,gallery,13,front
7f0b453cc8c14156802497f5cbae9d62,gallery,40,rear
b7f5c165ea2242709a2fb71f3a3f1bcb,gallery,59,rear
673aee19895b4d339ada93213d8874ac,gallery,56,rear
e59dba65749140f4a1bdaf2695de2fc6,gallery,63,rear
db2466dc7da64ac5a2a21c20ace67856,gallery,42,rear
4385ac4645b34f3c8a44c4676ebcd8be,gallery,36,front
15b7b988bba143989cfd98d5c6c4d203,gallery,31,front
cb2505b30d8a4dc086c353cf94424b6d,gallery,83,rear
b2bcb4d9456c4763a0159ffd1f3660bb,gallery,69,rear
8fdee0611965465eb45387b8c39f4136,gallery,69,rear
059a284910e849efbbc7073b8681409f,gallery,45,rear
3aa003c1e31b476e999c3a808a1d5dc6,gallery,43,front
65e30dd62cfa4dccb9ea4d908a9d6fab,gallery,90,rear
4230775a9d51448396cacb9061f0e5f9,gallery,90,rear
fc70a4c2c4834e0eba1a14470f563b03,gallery,89,front
0228b1e9e3244da3a727930123ba7bda,gallery,33,rear
3b7d56c26da14b3a9b1cd52b5b35891b,gallery,82,front
9aca522158f443fd8a9caaec38ae5e2c,gallery,85,rear
9ffa09a2b9bd4da0ba98fc537ca68802,gallery,33,front
415641aa43724ed9bc4710302b77edc3,gallery,12,rear
f4b7e6e902e344859cb041126b69ce3c,gallery,51,rear
0568345606fa4a2c84ed4ea6c74639ee,gallery,1,rear
d87e5facd03b45f9829e8a1cd0fe0190,gallery,15,rear
716a15d66b63424a8068da89e75733b4,gallery,17,side
d7618b61a65a4bc1a0d0f2cc1bddc448,gallery,7,rear
a8904adcdd21495f890bc614bfdbf86f,gallery,59,rear
b64cef9df31c4e92a7b7ecd42f74f396,gallery,51,rear
76e41369a6794714a9fab6968839bfe6,gallery,12,rear
8c7c9eaae41a44a3a4ebe39ce167d300,gallery,71,rear
b834c0b0c10b471b87ad3f11468de619,gallery,69,rear
39e2b00e1cbd471488cf56f31d2cec7f,gallery,17,rear
0f785440b29548e1a1968868262fd42e,gallery,26,front
c36ef11228124c438ed3256c9822b03d,gallery,89,front
7627d5e28ba74cbeaf9225e88a7a44cc,gallery,90,rear
7c1126d46a934db6b951d1e98feae327,gallery,55,rear
02a3cd76ce534d188b4d5ac4778bd652,gallery,89,front
21eb9f06dd834a108d816efdf3aca8dc,gallery,43,front
e2e0c8c96aff4c00896ac6986bbb20c2,gallery,90,rear
f5a9583711fc4ff4a46e85c24886b234,gallery,43,rear
6252aa87531748e5bac5f6c65fc87e14,gallery,90,front
268f8ec9f2734029a8e75857db56ccb3,gallery,33,front
30f654c6e69e48888f9f42dd95ab3c77,gallery,0,rear
7dd5e88dfdd24cafab2c765939757354,gallery,40,rear
78d0265d47df4f4cb7153da919763730,gallery,6,rear
225818abe99e45a0bf5b0b3ec30db76b,gallery,90,rear
cc243eebbb2b44a581745865a60c423a,gallery,89,front
e4e12f4711fd41e39075e26cc274df45,gallery,11,front
01ffceddb5b34406a08bb982b424b3cf,gallery,39,rear
2b3ecf8be2b242f3b8a1e714390749fb,gallery,82,front
50a2129b83404b94889a01f4688ebafd,gallery,77,front
04fa591263664fb0a6868552ebd3590b,gallery,13,rear
0eb119aabc884795a4768c6d3e677ea1,gallery,73,rear
1419b2c686f44896a0ae2a43e93b5402,gallery,64,rear
d5ecdd142b544edca1b16ee83a9cf908,gallery,43,rear
9452a2f21f7d4feeb2605d9b6647fc13,gallery,43,front
6c51b4f57ba0415f994756e944b11cee,gallery,92,rear
9d09e3cd382c4d0ea0f6f50261e3e4c8,gallery,86,rear
b98519f97e424c1389f5553f0869b15a,gallery,90,rear
e4fcd30261804b089efa940359057ba2,gallery,21,front
016e634d566b49c199d07357aae9bf33,gallery,89,front
b5f237fefb38465bb6a068c9cf75ba31,gallery,90,rear
384f94503bcd4f4c863056ad69f45b43,gallery,58,front
384b14b18c3c43b1a4dc1aa2f661e076,gallery,86,front
ef8c056ecb524439a48c881089537951,gallery,89,rear
f6207eb593394ff78e2cb35057477422,gallery,90,front
00fb3a55134242769182c520d55681a2,gallery,90,rear
43464ed6733f4642a0b90e7d995a5e40,gallery,89,front
3e4a54908dde405294869e30a92a7623,gallery,31,rear
6732de8994744decbb3306c74aaa7882,gallery,39,rear
514537782f6549c488a1b932939b4128,gallery,57,rear
f69855cdf66d4f6887ecfd0ddb9014b5,gallery,88,front
2639b6540bda414f8a9baa3b5cdb612a,gallery,60,front
0f52f676197e4d4e92dec0a7bc4c4f7d,gallery,20,front
636c21e19a5845e1b8d69a5fca928030,gallery,85,rear
35c5a560ecdc4d6a9d20f057ed1fa0e6,gallery,12,front
5cfb876eeb4f410aa1282cc279f0e546,gallery,24,front
36ac84a73ad34261ad45cf569edb60af,gallery,82,rear
b2992fe473124dd0b895cf81f59f6db6,gallery,71,rear
67dd23cfd20f46dc82acc82c108a1dc6,gallery,20,front
6866efc8987a4ec8b04b7abd28fb5777,gallery,32,rear
ccb62901750b4d13a922fc161b607f83,gallery,48,rear
4285b02dc9164cb9bae36b0566bb42f0,gallery,90,rear
9a500a20b1ff4694acc31339a8d1349e,gallery,36,rear
f439b5616ba24b7f82eccfa095a0eff8,gallery,89,front
df5ca61304074da1bec8f536ab50baf3,gallery,90,rear
c74557a980e2428a9ffcc245278df692,gallery,86,rear
5e2f1a45f7174f1aa39a194179985876,gallery,63,rear
d60986f4025d443ea58adba0e3d224a1,gallery,65,rear
e9428816b054499298745b742f128f65,gallery,51,rear
f0084465b2e646c9a53d9dc766067d9b,gallery,77,front
d2bcc978e7aa49908919d9fc40138b27,gallery,37,rear
b0d2e6c4b2384950b3696c4414870282,gallery,33,front
99830b8da7c24f909914f7bb167f3ea6,gallery,92,rear
511fe9c8b20b4fda94969745238c9474,gallery,72,rear
5363ae1c905d4879a63259de4954702e,gallery,50,front
295d0d40791245ff838c73a2aa27d065,gallery,35,front
f65b6fb5b40a49d1896de7a115469d40,gallery,43,front
b6c493a3666c4db193e86c79faf099ab,gallery,90,rear
a70909d3ce0d4235913b5ce6a138dcce,gallery,72,front
ad42c467d0fe43dbb328073f9a16bc4d,gallery,42,rear
b52468fc0af2435f9ba91939f72bbf6a,gallery,79,front
eeca68825e2a4bbdaa5ae962998fc33b,gallery,24,front
b585a2970e9f421da236241f603883f2,gallery,15,rear
2e7836ee5e5144f5b63e6629b969a362,gallery,67,rear
bdb0d45caa2a4943959f8f501e51132b,gallery,90,front
cd764fbfae774d068af7549c648a02c9,gallery,83,rear
701ac1447f5a414e81156a56c3593a31,gallery,74,rear
c24e3823376b436c8eb46eaeebbc7718,gallery,33,rear
66f4c650b7ca48f1bc27f9daff8d312a,gallery,26,front
ee7c00877ae64dac87123a3d75251530,gallery,20,front
f879b316413f45d2b64bb25e3f45a667,gallery,83,rear
f5d09519cf7647f8a107cd8fadd322e5,gallery,92,rear
2fcf4a04d3654ffb9a5c1dfa3799e4f0,gallery,84,front
3bd43a42811048e3b7a7d9740bdb1971,gallery,84,front
3766b26b53874893ae48693880e1942c,gallery,33,rear
59f62d35b1ad451397b700b3dad25448,gallery,74,rear
d716ea165223433a8d49b93e96989482,gallery,87,front
e7ee85dd47ca43eeb2fdcd70b802f0ec,gallery,19,rear
6d3b4c95066e4dd8a6ad1c66b1c1ea4f,gallery,26,front
d756970269e9443fb9bbf645a96aa84e,gallery,90,rear
1f3cf50fe1f947d8a56e02ebca441c4c,gallery,89,front
74644c8cc17449cf89379868e7b21398,gallery,39,rear
f31e9fdffaa642ed98e91b07a30f3a8c,gallery,84,front
13e659415ac84c7a81fc769111d43417,gallery,43,side
dee9eddb2eac41bfaf36d3279d43674a,gallery,89,rear
daed5458403e49e3aea72f4bcc6dd224,gallery,89,front
8dfe01febd46475ab5aef97033716ce1,gallery,90,front
f1c9c5051bdd4a11a064260bbb9d6d7b,gallery,86,rear
4254f6eaaed746bea797c3522036fc12,gallery,91,side
434551fdf9e443ed91679a9557ae6fd5,gallery,55,rear
b90d74e80c37486eaee89b6fbab13671,gallery,90,front
3cb231e1167e45f9bf5771a4e0074092,gallery,89,rear
4d0a737f396d4a95808085bd1306746c,gallery,85,rear
aedd476072b345e9be46ebd7260e93a6,gallery,20,front
d25e6f2fc8154dd7816f8f7a41bee12b,gallery,83,rear
7fe9e665bf41491c9788941aa2894a10,gallery,14,rear
714e47cd21e5416f864a4bc938850a72,gallery,12,rear
a7077a82d2c74518b96fb45e35f6e150,gallery,51,rear
bbdf9065122d499d9d8f80ad3e0ef6f3,gallery,33,rear
0daf8d5687b54d158f7f752884c42334,gallery,25,rear
dbb3fe11ad004895b302a84e7c066fcc,gallery,63,rear
27a0d24dc1e14b28a1f18456b29c93f1,gallery,36,rear
fc430b7683934be2aba12468b2409bb8,gallery,22,rear
e8927e14983a43da900edd926dd35adb,gallery,38,rear
b00b2395b49949508fade89bb3eac98b,gallery,81,rear
dd9e8283197b473d8ffd502561bdaaec,gallery,1,rear
71d4b4036e594d7399506e6fd9b88063,gallery,89,front
f532294d68604bc2aa9ad8804a8c6d5f,gallery,90,rear
8c5f38853679436ba434b6a696e43168,gallery,23,front
bb6ecabbce1b43d997d00d7acdc95193,gallery,17,rear
1a842f077119475794cc2de48e154374,gallery,56,rear
88f796c14d184ecfaa5b0109161db259,gallery,68,rear
5e0a2bc284cf4002914ae4e6aaef41e8,gallery,33,rear
3e923b6e3ceb4901b77c9a18729546eb,gallery,81,rear
c2b49382e2f34b1c90013236a5fbaef0,gallery,33,front
022e16490d1949b9ab2fc1de5a837031,gallery,6,front
7c061d36393540b49e20d98086bdb5bd,gallery,19,rear
91f9f8576e5142a49926bd623b0bc19c,gallery,87,front
938147b72e9540da8513910871e0830a,gallery,89,rear
a9573f188204436090fb4a5240e4eccd,gallery,90,front
f8856799293e49feab6368e794eb8b00,gallery,7,rear
45e440d874a54bb591862ff441114cd3,gallery,92,front
119a6d7b4af3458b951fc1c5ab5e1738,gallery,86,rear
be8953cc364d46cebbcc2c2da2c348ab,gallery,77,rear
7584980704ae4617bb27ca162cc9c5db,gallery,20,rear
bfd1d441da734aad88cfacdab3ee4059,gallery,82,rear
1ade4365590a4ac7865100d8c791e340,gallery,20,front
910827a15eac4e4b9005d8e46ad71f6e,gallery,85,rear
a865b8d581b44104afe7c8508e3486f5,gallery,82,front
82d68ea370f8451aa16ea08f4601245c,gallery,90,front
199647bd1328406c83c5a875154f97d9,gallery,89,rear
64fc9fe3c8d5424ebc005e5cf4a608db,gallery,60,front
0cc5015848a044b59fa4b290813f859c,gallery,68,rear
8b4e9e3d234e4eec99a7651e246bbfa3,gallery,13,rear
fb8c2b83e46441c2aaa7c81d3642e2da,gallery,20,rear
02e1d712f37e428c998f72e7a7eeb1e6,gallery,67,rear
c14e45f5201b4038bdddddb238d888a3,gallery,31,rear
cc78a6c92dfe4af49c2bd93f15e4f870,gallery,22,front
22d9d5ad33e947fd857c5c4a8b7dfae1,gallery,38,front
db0c3a952e454b90aa4a68feb6a50e87,gallery,48,rear
32aaca2a732f4272b237374d3cdeec90,gallery,89,rear
75efe5ddef364f49865d9bb283492b48,gallery,90,front
84ff5144597241bba5cbd3d0b21d220d,gallery,43,rear
3c72832689d8406996e80893b719b974,gallery,90,front
63ba014f9cc747ac87013da6be0ceab9,gallery,73,rear
01930613ce7d4a5f90ccf78d1e92a55d,gallery,50,front
17b5eb6fab65476f827dd355b4a20a55,gallery,90,rear
7e190e3c05d74e6b9f103e39142c1684,gallery,89,front
009be1c3430743ff9b054bdfcd6228d6,gallery,21,rear
097c30a7f39a4a3abf6da2ca80cad3a5,gallery,21,front
da61e0de396149208c9ebd0fd6d7415d,gallery,81,rear
f5bcc6f48ed2447581b401d453039866,gallery,16,rear
095ac293b64a4a58b1b3d3f71453a267,gallery,2,front
530b37164090408dbab4e6da51111b8a,gallery,5,rear
291130c42a884be2800e026bab5ddf53,gallery,24,rear
c4e79c8992e54866b0c6f26c55b1a774,gallery,39,rear
50aa0f56e00d4c23ac78b3e63bc0f0e1,gallery,68,rear
1d93c07de74c482ebf0a76ec564c3252,gallery,24,rear
5c644b51b1394a7b8fa0a9a6275c422d,gallery,11,front
a2612682d9854a30a7684c91c8619ec9,gallery,50,front
25afb6f7e9314af09008644bca5955b9,gallery,73,rear
d476be2399b7424a88d242b771c32041,gallery,68,rear
9948a890ef25479e834f70944cb42eae,gallery,13,front
a5d5fb459a1844088e93ae557ab34afe,gallery,82,front
26e55eb4d910464497d700bfdf5a36ca,gallery,73,rear
092cb872c8724c7681c50da9c6cfa252,gallery,85,rear
7070715ef90743da8691dd4ad134eb0c,gallery,78,front
de1102228a324428989533278cd482f6,gallery,32,rear
06b7dd1b701544ac80dd7ca54ed707cf,gallery,69,front
f676e16c6a134bd5a7bbeee4590adcfe,gallery,33,front
11e1e3cdfe214385a2c24d0f957dde9b,gallery,83,rear
d7c9dafddaf547159d366dacf7b68a7e,gallery,92,rear
1c2b01416e3943e3b3c575e53c3f1d16,gallery,36,rear
18ab15fbf00f42f7a410ec75f7592bea,gallery,7,rear
f464960d2dbc43c0970c60600bd7f1cd,gallery,87,front
8f0e477fc779414e9b47995c0b25a87d,gallery,89,front
5537ddec608a4ec586ea068fa27547ca,gallery,90,rear
20297482a5014732a843c9fdafba548e,gallery,51,front
13cda6e8f2d948eeb5508288a172e76f,gallery,12,front
db69f22fe72246ea85d33991961a649a,gallery,63,rear
5d5baf5ce88b4b529e28ab9c7c114148,gallery,90,front
0a2c24dead204be9ae36be358e1223f9,gallery,90,front
3b37a4c34b6e4ca89a04da864e141422,gallery,43,rear
476ce3ffff564a5aa985808e7d2cab17,gallery,90,rear
243dbbcdc67c42bfa6f32c47477adf6d,gallery,43,front
5fc200cab89346658c9c91cce27e85fe,gallery,35,front
eabdd2813a954f9aa01f0eb8212ee387,gallery,36,front
d0e41bf891254ba0872f1641139f84f6,gallery,43,rear
076e2669c305401fb3afcfafdd6c79c7,gallery,90,front
ef511457ee7c490c8e10eccf6e18fef6,gallery,19,rear
74de04f31db94a99b757685c91779412,gallery,6,front
7199f2fe77824236a392e1f00a5bdfc3,gallery,22,rear
3aaea7fa41fd43cdb88f8ef59062c5df,gallery,48,rear
ff276acede2f4c14876ef47257758ae8,gallery,71,rear
f6507bae2aaa4785842167f8320428b3,gallery,52,front
7ef653f7e5f64e1b8bba73b9518b87b7,gallery,43,front
cb550e5ff4694fe9a19eaa6588cef250,gallery,54,rear
f3fddb55448a46778b5d807642cceb71,gallery,90,rear
878e5c41be5c477e9f660ca361fdd727,gallery,44,front
cf290994a83e4909aec30077477b9d04,gallery,43,front
8c674a7b65e24114a45dd3c861a7ccfc,gallery,90,rear
64d9091426f9461c97c98a5428856bcf,gallery,54,rear
77d8e01a914d4f4a8b87d407e0d741aa,gallery,10,front
5760084aabef4d8095b2d21902151f64,gallery,6,front
19b81e71e7f04ebcbfade9daa899ed3d,gallery,38,front
f2ef424352f14dda92691047ee9f15fa,gallery,19,rear
7326afe68eb64b63993b3dae022c645d,gallery,40,rear
0a61f52258f643b6a6436a1ec234e197,gallery,89,rear
d9b70c4ed8bb4fc5957ecebf102528ee,gallery,90,front
fadf133e0e684a24ac79b5fa9515bac2,gallery,40,rear
56272326c7e94e419ea8c69fb634f610,gallery,13,front
d9ac372330a4446886fa19bac0d19877,gallery,86,front
3d3e8565d2f84e0cad5ae622f2909765,gallery,89,rear
2471f23cb9b64d35a72deed09c9c8975,gallery,90,front
3c0f3b44c0844df49b5898406fe9195a,gallery,82,rear
6c6de17135be4f8c9423be633eaefcd4,gallery,87,front
7d0190486da540718e4dc4ca4bd1f573,gallery,55,rear
211ef3181e524685866fb8574d9bf456,gallery,20,front
db13ed5446be46269dff3de3c1bf2660,gallery,20,rear
84581d81d46d44bc99ffb8f871646a7a,gallery,22,rear
1099cb6f4fac4eb8a1fb6db50e18296b,gallery,23,front
7aceed0dbea645b091207f4a53d879f2,gallery,38,front
ff171f0b29974f78b0e81fee30abdd38,gallery,72,front
8987ceafff324f9599b842542e37eddd,gallery,22,rear
6af17cec494c4373a95865d270a29171,gallery,38,front
acbf8eae7e064c11bab7adf66f216990,gallery,22,front
597aab8bb15240f89fd1b24a8e38258d,gallery,31,front
86f59bd78b424260b0cf356f2f9ae734,gallery,54,rear
09f4970dfe684b809bc0959fb62f41bf,gallery,40,rear
d0b6e9c1cc5341faba9e03c17767bc2e,gallery,90,rear
2c82919b038847fabbf5d13ca5ac55a7,gallery,21,front
0842a796c09b4089933a4f27e4e5e3bc,gallery,12,front
31a2675a2e944a1ab3b810cfb92ebd34,gallery,89,front
342aaa81ed004635bbf9cbc2592cd7b6,gallery,37,rear
2b039224b54142d185a406b31fe01de2,gallery,33,rear
47eb17da319d440aa52da8008c26327a,gallery,72,front
36ee1613abf245cdbe93fef69b5f981f,gallery,82,front
236c362d8b664c93b41882c119df9706,gallery,43,front
c3502ff31ce6459a96164c934f297562,gallery,43,front
ca5add3cbf044a95a5bec88a5841ce98,gallery,89,front
8dfd98bb97584157b207e1f4be471a8e,gallery,90,rear
6bde760ad5d4485db9889b1bdc074005,gallery,30,front
2c8eafa0ff26437a862dc2224ab57073,gallery,63,rear
3f28365e18244eb28cc7d23de8895956,gallery,12,rear
0e8487b2e6a2439b9e6623a1e2e5e19d,gallery,51,rear
40a95697730046dcbb0d7ba1fe2109a6,gallery,36,rear
14f4db886cca4104877ac7d1d7a64133,gallery,81,front
8350ea8cd6514c2c8d7b625abe7e895b,gallery,15,rear
a35fecee62a9432da0c413f65e895e8c,gallery,4,front
3827ad869b3740278b98db4e65c40e0c,gallery,36,rear
3ec67e948e15423fac23fdd38a7d4cca,gallery,69,rear
aaab880f032a4e00904cf50566164044,gallery,31,rear
10b152bdafe94db8a93f7c374226a071,gallery,73,rear
40f040fd5c824c8e8e710af1fdf70b5f,gallery,71,rear
d9b97376c5e44d8786f861a5788af644,gallery,12,front
5b588e34588940788a22036b775ecc2f,gallery,63,rear
595e438d2b394bb3a3259f47efd37ae8,gallery,90,front
e0d8aee46b1d4d998858cd05027251b6,gallery,89,front
6ae72ad649c54129b992d321f8f29122,gallery,94,rear
503d2f067a8a4f5798b1c64b07ab0bc5,gallery,90,rear
c756409435634fc48c643a64e73c93ce,gallery,65,rear
b9228fdb5f0c413d81cffb51829d95c6,gallery,53,rear
7d6cdff8c9ac434196df803628fe9f62,gallery,45,rear
dcfb738ebbc24f09bb680fe3a52b702e,gallery,61,rear
ac5a760b45c146ec840193371cfb2d30,gallery,85,rear
9bf3b77eb9874f5f9e006a9cff111ea9,gallery,19,rear
1578afd6ce694d46ab6e24f965f51fd6,gallery,21,rear
9dd98c9126c44642a20711729f2e731e,gallery,83,rear
c78547bdc2e64ac8935559f7de2efd41,gallery,20,rear
191b01e1728e4583a8ead5a86db27370,gallery,71,rear
e903085a3f944ad2a41c37306b4e6ab4,gallery,90,front
7e17bbd109dc486c8f0a76f913782180,gallery,43,rear
ad054da7e1704a53931a341173f0605f,gallery,51,rear
f1eecad10a61421eb16b1be7435d9c19,gallery,12,rear
033f1514c78b49dd82148b94f6bcbeba,gallery,54,front
0971af4212484a958eb0f60f93d1dfe0,gallery,89,front
25109e3a7df549e5b380aae716d71366,gallery,90,rear
6fc7a2cf0684475a82f6ff9be2c8e850,gallery,72,front
eee7f32249c5452ea36c8ed3a3540010,gallery,71,rear
8ad1f345ca194b29bde0a924f27b2de5,gallery,17,rear
fe363cef357840fcb35f320fe7c27e4e,gallery,89,rear
13aca0959cc948cabeee0d7255f55a65,gallery,87,front
200f7fc78e4c403982f61b2894e50bad,gallery,47,front
44b3bc5953364d72a53edcf9fc4f1fed,gallery,71,rear
bce599075dfd4fac8dd78626106e3071,gallery,61,rear
1b827db6f6cf4ecb850928c2f9e41de2,gallery,24,front
e43d8e7bc32f406b9a692e2604f5b45a,gallery,63,rear
41047823f2cb4194ba1e0709443c719a,gallery,76,rear
f4474150010f4021a4620372062f3797,gallery,19,rear
d75a52d716984f318f976bbfc7bee787,gallery,6,front
7960902edf4b47d686f704441aa56b0e,gallery,92,rear
00614d60b3544ba790dfd23dd53992e0,gallery,0,rear
07d869789eda4445a1ecfe59c331db0d,gallery,27,front
8ebbcf8e4e6f400ba1839e9d75806274,gallery,59,rear
4c8476482736459881e2a3b0509ee103,gallery,29,front
133bfbe9a7c741fcb638ecf1b0088213,gallery,6,front
b8da01ceddcb45a491a288ddbc658e90,gallery,95,rear
d65e3a3657ae455e954b6d7221afc84c,gallery,69,front
3574ab91c29940b3afc62354ae06b73b,gallery,36,front
85d4175b563d48e5bc6a991b23662f24,gallery,29,rear
da88fa5efc674368b593444ca950dff9,gallery,15,rear
5abf57d57d84440e94d0d2e2ffb37575,gallery,89,front
cf293392122347a180cf2126f4589acb,gallery,43,front
3c1b91a23b694da1973dbc5f75f2f3ed,gallery,90,rear
e7aaa514f6f64a258a640ea341aa1a18,gallery,61,rear
039f8e63b273472d8f1d99d9a5de5cf5,gallery,38,rear
77cecb221149474896d9b2eb848bf150,gallery,27,rear
48240083d13148bd84ddee8c7f9fcd22,gallery,36,front
c84deec0ecf843c39f52d4cb8e7300f8,gallery,48,rear
99dbf0cd0c6343ffbcf97f04efc4143c,gallery,20,front
07958f43551e459eb30638b632e3cd64,gallery,85,rear
de72d25d08da4b03ac6f6411ce30e07c,gallery,11,front
baf841bad27c456c9de7227555ea3ef8,gallery,37,rear
1aef014473b84ef9a0f799114fe516c9,gallery,89,rear
30578712823948b086e3781343982938,gallery,90,front
250d411ae270441085be3501b7b55d86,gallery,48,rear
00e9d4081c2f45d1a818bfeab099863a,gallery,23,front
9db7d32d79024ba6a73c55fde6f55968,gallery,12,front
3fce01bbc56d49d39f61cba3d17648f2,gallery,63,rear
e735729c80d84f76a6133c065d5380f8,gallery,61,rear
570f08ce2a1a47978eab16bf7ad16a68,gallery,31,front
04537eabb0434eb2804d1220770b85a0,gallery,61,rear
23a16d69ffe848d593a4808907d8aa98,gallery,90,rear
cb75c6ef71cb4991805920f2894e0e96,gallery,89,front
aa082284f9894b5aa210c179d59999b1,gallery,89,front
db620271348d404a9a0b978d96c63f29,gallery,90,rear
b44645c11ece4326a45f50fdc5d45dcf,gallery,82,front
52f20bd7eb50430c95f0916727880a1b,gallery,85,rear
249c2d8d8d2345c6990b3c4d94385b5a,gallery,42,rear
f32f4607b4714e378831f924c5e6084d,gallery,86,rear
e06d08ff594a4acbac12edf579743fcf,gallery,90,rear
f335a944a27a4504a82ecf70c2d4a5e4,gallery,89,front
e5a3c8867e44498d9182e8be934e0fce,gallery,55,rear
cf7476d6c96b4dcdb6f025b9291eb62b,gallery,27,rear
d33407004b9e433a9d4147cfe6584d36,gallery,67,front
5f481b07f9734f518a14853831233b78,gallery,31,rear
4c36aafaf38f4e9e9e09991737196fe1,gallery,33,rear
54e9bbd0093947a3bda5fef48ef7493d,gallery,19,rear
b626eb67c2e14afeae2846bb150976f3,gallery,19,rear
1f9cd7f2b7a14e2f8d490a104a56edcd,gallery,35,front
7d6122daabe442ffb5e57ece1882e714,gallery,6,front
e429a2e164a24919a12edcc8d4ea8f09,gallery,86,rear
75801225047a4c019100660c13f1e0f1,gallery,62,front
c4b9d7a8d5d342459d2282589b3af293,gallery,91,rear
7f0a68d19d2e4850846ffc08c47ed87d,gallery,43,front
b33a0f5b564a4942b04046ab7a8e2aae,gallery,90,rear
1da8cc33bb474411ae16db0233210125,gallery,7,rear
d87bd2402bef4672be17b62cec113ba8,gallery,87,front
0d0973762130427eaa2ce9a7a34517db,gallery,85,rear
5a9a716f53364389864a4018d9e9c6c0,gallery,20,front
8d595c7da42545c88052e7b213b6c97c,gallery,89,rear
19593c97fef0474dbe6051e28338f1e9,gallery,90,front
ed4449952a9e45339b76fc5f123cb917,gallery,33,front
599feb1e512c43ad8c0a1845922acf78,gallery,6,rear
99ba4cc9355f4d79a68bc69ac12a716f,gallery,51,rear
e1c63000ace94c1d9381d82389fe6afd,gallery,12,rear
230b9ef63ea240e9b61a18f41473f942,gallery,1,front
724a3f6551e74ad585bdeac9a75fd639,gallery,53,rear
7359a1cc20d54f96aeea121d7247b88d,gallery,62,front
039a871609044cb1b69f70c082fe61d8,gallery,88,front
9500823cb050427696343b1ea5cf8881,gallery,65,rear
3f23eafbd9cc4e209aca631fd6fc9dfd,gallery,71,rear
5455e62f52ae4e03b2a5d0e8b9899506,gallery,12,front
be70e49b76c24527b4fddfb6b78b6d8d,gallery,94,front
af648fa7ac6c4c50a246de470329cd83,gallery,95,front
afac6ae28fac41dabae96696990c5555,gallery,69,rear
b01fd4d037a84a7aa777e1fc345c73c5,gallery,10,front
2ece45504eff42469c104dc2a2d03caf,gallery,89,rear
6f8d80f8673144dfa7a4e09190442ab3,gallery,40,rear
9c69642fab6749848e7ea7f5406a6da4,gallery,89,front
52ee59901f3b4de884d7a6720538aed6,gallery,90,rear
c750a2994555414790abb3281572bb42,gallery,54,rear
0092d1d820c64646b8bee9fd14f77acf,gallery,38,rear
b8995466f0eb4e7ba141e23216e8b974,gallery,31,rear
2ea3b46262e649f79900258cd90cce31,gallery,22,rear
d361a9e414fb41c1a605200d9cbba496,gallery,90,rear
e3854d75221c4e38879a6106bb5c1941,gallery,43,rear
e834bfbd30b247e899f0dc029ab9f072,gallery,61,rear
43ee0103cba54b4e9d165717735ca0f6,gallery,89,front
baad022010b44fad8d8410869d909fd1,gallery,1,rear
da14e9dc2c3d4963b725de8102de5028,gallery,81,front
c588868fc3fd4e87a7cddf1ceb00b022,gallery,77,front
2c3599a1611644f4908562f8fb8870d3,gallery,68,rear
a64f6232ee1e4357937008a327a63cf4,gallery,92,rear
0c9c05f86aa042abbdd66d2b2d05d374,gallery,12,front
898eabaaa1a047e18aecbb1c5a8decbf,gallery,33,front
7f5b658239034d35b7f4cf1c63cb388c,gallery,6,rear
444fa28d9ed54c82a522699041eae592,gallery,77,rear
ec580ac6dd7149fb8a0a5a5d8b0f5b08,gallery,71,rear
98b2022b2cb84af09ee8b789db928b13,gallery,15,rear
e53dd6188816429ab915de6f9649a026,gallery,29,rear
b702b2b61ce048c6bf5af3c4dca18b1a,gallery,89,front
f65c7f50929f431dbf31b441d87616d0,gallery,82,rear
77c8b175ca9d411b8d28d1ed0dc40304,gallery,82,rear
0e28ed072d6c444aa6f02e64955b44c6,gallery,90,rear
08ecf89bc10942a4bd894482f6fcdfa7,gallery,89,front
d445ccdb4cda497e9f0343a3298022d2,gallery,20,front
215f3d275db14601a0383885cbaad86e,gallery,89,front
97959d02a64f4a3fbbebe7cbece6c012,gallery,90,rear
105ad424733e4cffa7c474b51e3980aa,gallery,69,rear
b4dadb3ea3a04cc3932094471debce13,gallery,33,front
e88ce4cd350f43398a5c0ab8629cee72,gallery,73,rear
7bbe3c76bcc04d73969f920d43fcc67d,gallery,6,rear
1393dac7d34b4c34b1a8091a5bea3663,gallery,82,rear
b23a9c50eada4286a4f7ce8668b92db1,gallery,56,rear
64e74af099b0485f8b6e71ac73aa2cb8,gallery,81,rear
e0ff5d4ae0ec4871a49041d550cdcaa9,gallery,24,front
beccee3a988f48c1ad207e2380766fa4,gallery,39,rear
ec5fe0d3a2a2426ea4e49a5c0ad44e04,gallery,82,rear
887e323cc38f4cf8adc5970617f1c286,gallery,3,front
116f6c1f0cb54312986a0a729508a33e,gallery,17,rear
91f0da6d71574ababd8e868bddec9310,gallery,56,rear
e12ad1ce8e7940a999b9a4f91a95fab7,gallery,21,rear
d695b7afdc3841a28a56df578e56afce,gallery,90,rear
6ea31a945d494834a3d243f1f90af02a,gallery,89,front
245212a659504b9b9cdbaf1ab1d040ff,gallery,89,front
eb21a4e2b7bd43efbdf0c365415e7fef,gallery,90,rear
ffc5805e29a74be0a55b40318aa321d7,gallery,90,rear
f69dcaceb6074ddebfe1dc7e5978fcff,gallery,89,front
a5365055a36a4ec1bf5b0ce2ef949a35,gallery,80,front
31cf7db26a3249c5a6205b005662ddcf,gallery,36,front
bc607fd6000b43108e49b3d05688fe90,gallery,92,rear
7e8a4a43e2f84dbb88e41cb24b3fe79f,gallery,62,rear
36472797459c462e910846109fa624fc,gallery,63,front
8af25c7ae8e14435a6e27a5671968f50,gallery,6,rear
bb84a4cf60c84a8d8e23276b1863d293,gallery,85,rear
7879fa4d4db046a2a8d195311b6e5789,gallery,82,front
be42a43f5186434db4f2815f768a9991,gallery,36,rear
bb5c7d03a54647d08b8c62deeb803271,gallery,86,front
563043f180e54e238ad4876974e5db4c,gallery,33,front
42b6af4853fc465f83ec054f8f8289a4,gallery,22,front
f69bf682935e47e1b4c72d237becd13a,gallery,19,rear
94ed54abfdc74b04b0dcb19c278e66f4,gallery,6,front
2d43cf91509846e29ab4febd7781919f,gallery,19,rear
df0c94234d9d4890b5b4b95c441b3e9a,gallery,19,rear
55c0b899937042c98162389b209aca7f,gallery,36,rear
5605fa1188974644937bbf92fec50e21,gallery,33,front
79721c9bb6a54ecdb3d0a0f4011762c1,gallery,21,rear
7daa434073604cb98a04fefb55468dda,gallery,51,rear
361f2b7f3f044907b3a331872fb18755,gallery,63,rear
39a08a87897f47d3bdbbdc5ed8c9cd7f,gallery,89,front
dd77b570036f40de9fdf49011bb9e2d8,gallery,43,front
26869cc099c44c4a86f6043476ab4890,gallery,90,rear
ca544e6629b14e8fab5f7cb40d1ac88e,gallery,90,rear
5c09482fc8dc45bdbf7919f00dd540e0,gallery,89,front
cdd73e0289aa4e2b87cd14e6ff5bd75e,gallery,12,front
8b038cd0dafd45d8b1ce75177ca3a76b,gallery,56,rear
19098957d8c24cab95daa30c2baefd8f,gallery,71,rear
9460474d89704a68aaa6ccb62310ae3d,gallery,18,front
c66c6f1449d44728a2ef72de53dd6d5e,gallery,28,rear
3f1c2bb09c4e4400b6ba19542fafce18,gallery,27,front
1027a336232c4454a9c4ae450a562788,gallery,27,rear
19a124c6dad14a4fa7864463b081009c,gallery,40,rear
c65af18670ea437c8986884645b3afe9,gallery,71,rear
097f2ce3b88c4d008488b9908076497e,gallery,89,rear
24c55bb5cd694770ba895c7401da2ba5,gallery,90,front
0ecfdd96e0054841883acba75e83b232,gallery,91,front
764b8280445d4023aecaa53cf7758932,gallery,32,rear
b3209c60460a437294e2b30a9e9d3f53,gallery,36,rear
c1d504dfeded4b8bb3c07777b7c7abde,gallery,26,front
ab57f83304bc4005998bbd6bc063fb4f,gallery,53,rear
4422777ed51142a99aacf05f446cfea1,gallery,89,front
de6ac628a786435f9925c8cc1d707d6b,gallery,90,rear
984058b7165d4c6385bec3c94afa9fb2,gallery,89,rear
b277101390e1465685ef79bf3519f8d7,gallery,90,front
0592b57e490d4206a3f12eb004a0afe0,gallery,84,rear
9daaefe080b34656a0c7a54d2d6a1713,gallery,58,front
0c889c151e094b948c13b0275e660a9c,gallery,43,rear
0cdb0f32850f4585a16de4886462bbe0,gallery,89,front
403835bbf2f1447188bcc78e062b0028,gallery,90,rear
3356a8a8c6ee4f30bc2b028e360d4471,gallery,21,rear
5a6f4a2f7f6a4b1fa146493472e6d721,gallery,1,rear
4a3d4daed4b24a1898551f0fd1ba44f1,gallery,54,rear
44156e6482884acaaee1938e04d8b6ff,gallery,42,rear
796eade2ee4f466781d9f6669db43e48,gallery,28,front
3138244ae91040948d5bd6772e4075ea,gallery,90,rear
70558882c04e46bd99d15e9786468418,gallery,89,front
556743bab70d4b75bafcf192fef95b16,gallery,78,front
be9e713988ba4bbba869885cad419259,gallery,19,rear
cd6ce920d00e4d17a6cf04f9f7e550b7,gallery,90,front
6b7b5d28293d4a5a8075f7f7dd231ddb,gallery,89,rear
a35d7304347a4f81b1ccfb086956921c,gallery,20,front
b675be39e8ff421aa59811f146da945b,gallery,85,rear
2f0401170d104b47b0a8f087f69dee88,gallery,82,rear
1ad0cf33e96243888d5f970195a75586,gallery,18,front
ca1a2a6308834baba3140b5ce8f81320,gallery,7,rear
eeb3b60f34af40de850e065b475d8180,gallery,90,rear
1d70bc69b2f84bef9aa5fb0d9917e38d,gallery,89,front
88353d1136d24836816b073de62e5f50,gallery,35,front
6fbdacd3d8814ea2a13e81ee1ec128f2,gallery,2,front
452d645d5bf4485185e996dcec9523e5,gallery,85,rear
655a618282cd4fa39a26f0967c033f4b,gallery,71,rear
60e87368fe334a92b57088b03cccbfc1,gallery,15,rear
06a5f0cec6ce4170a02dad0ad4c55b1c,gallery,82,front
48c31b1e2ce94de8968fab433813fa91,gallery,51,rear
c235728f290a44d6a5fc2e14111ae02e,gallery,12,rear
e22e1ad3c1fc4493bcb7c9b923566ff7,gallery,6,front
8228c9eb29a542ba98c8b9b854eadaa4,gallery,19,rear
b0236c76ae244fd8aacbea7da10e55ca,gallery,33,rear
d2a03ea4b2d3439ca3dc6fe056ab0f04,gallery,20,front
29fb30a75c57451a85f310aa6423a662,gallery,85,rear
73f684f538ea452cbb4fbecc2e8126a4,gallery,20,front
b85d652ba8d244f8ab9e941966094f28,gallery,82,front
31f80e4c87164e2893375ec7e73b372e,gallery,85,rear
f7f600880b064920ab59b907d26aedc6,gallery,15,rear
f2cfa68a47ce4a43a0fe1cc7dc860418,gallery,94,rear
f8e7f9688fd546829da579434180ffee,gallery,49,rear
d9096650c434432c871effeca9acd5c6,gallery,89,front
4d5cbe57c3094d01843e4f950a280b50,gallery,43,rear
b69c17a10a55494d8caa56c33e8f4a56,gallery,82,rear
7f23e27e5652406784fdc2dea3918125,gallery,20,front
8dfbb6a204a0441492c35baca6190969,gallery,89,front
57430214baf045cb92fa3b3b70a4ca3f,gallery,90,rear
4926607aafe749538c930e108275547e,gallery,1,rear
f5b766ea6abe4b5fb27d49cc3bc06020,gallery,31,front
ef60b54aa4b5490890da32d0bb8c9cbf,gallery,43,front
c3a741d302d94ee294bb6e4090fd2da9,gallery,90,rear
cae139b6e4914ce7b0ef1e68b8b857eb,gallery,43,rear
1232f20e710b448e8c0538b9e84dab1c,gallery,12,rear
7862a63720b34104abf5bfa44bc8178d,gallery,3,front
ffe2740eee8c49b39b2ce41f9983bcb4,gallery,94,rear
77ce0587a12b46bab8814225ba86753e,gallery,45,rear
71c1a8479b194efca65b44fb7f327afb,gallery,53,rear
d8b3ad3b5c4e474db41a671ab286424f,gallery,31,front
98fbdf945d0c4206a48a4f7260e56017,gallery,31,rear
a4af9472683c4df0a86f9400c99c2b61,gallery,45,rear
3e59b61eb70146308db2308b988b54cf,gallery,35,front
4e22dc65beb7450b9260cf27e50919e4,gallery,72,front
5e44915237fc4445b54b037e1c4e29a4,gallery,40,rear
21019944fc2c4838a682a6dcdc62c4ef,gallery,19,rear
e4ee90d625d44a6d9adc138390eef0f8,gallery,6,front
1c6bbf19b3d2498696a5baf0f53a0f18,gallery,17,rear
b2b22c673e554db39c8acdbe42687a6d,gallery,94,rear
8a9dc60359ba49cd8ac170cfb4ac3913,gallery,33,front
9fd4c00672d84215b3e21812aef3d6ac,gallery,74,rear
4a6eba10a02a4ecdbb6b25e8651c3789,gallery,90,rear
eafb3480db704d7baa8216ce857d1610,gallery,89,rear
69ac8397e9624bfd8aee237b9f9ea3b5,gallery,1,rear
5be48a6bc26044f2a2e4e9b6a223c319,gallery,45,front
1e376f9d0945477983c8d851e4b2cf5e,gallery,51,rear
e86a0aae846a4e44bf967ab4972c977c,gallery,53,rear
a9d82bb43410405ca21b44a5e82e22b6,gallery,1,rear
521004289ebc4e6da6623381d40a5e73,gallery,35,front
f91157bb8fca4a8e98db33591a76be9a,gallery,21,rear
643fbbdd6b764ba9904a4ee67a86b9fd,gallery,36,rear
b40d3c588ad647ff85e397a6bc5f9d8b,gallery,71,rear
e511c40ca6324803b5021e47b4e777f8,gallery,62,rear
89e983dca0a34b768e17b3871b9cea1e,gallery,91,rear
1a0ac2d40cb04ca993e1db68d787728a,gallery,36,front
b425f33c33ad4be89a12da266d131a86,gallery,13,front
cb32ec9a538a4c0f8462771946ced93b,gallery,77,front
2acbd3ec289a47f7b4108896ec632585,gallery,90,rear
33e2a95109e647cbb4ba2687631b169a,gallery,89,front
d658e3a743af41899183fecff6b2628d,gallery,86,rear
d43b0f94627d45918e18a80be127aa2c,gallery,13,rear
6400e3f6a14c492ba399bd414faca075,gallery,89,front
72a7e2ce22d045efbdbbab9c68f5d026,gallery,90,rear
afaf2edba0ee4d58860a5a04e4aabc5c,gallery,12,rear
66690895454847fea5a000202fbfab2e,gallery,51,rear
45f4192f485a49d9a75219ae4d0c41ee,gallery,69,rear
3675c688960a4f3b9f82c4ccf4049e93,gallery,95,front
c5486d5e31084ee797da0ebdacb17abc,gallery,46,rear
1004b33e3126472faa78e1929ed974e6,gallery,0,front
f2077addeb6142c8b3540916522126e8,gallery,67,side
63eab812f3254cccb9631b09725aec3d,gallery,36,front
42805d29975b400ea7c570fc45ec4938,gallery,1,rear
7ee65b33f8f44852ada468b1fed83433,gallery,51,front
2d812431f07c44f1a56a71c72766e0b0,gallery,12,front
af532d6e5090478ba520505d5f9107f2,gallery,15,rear
bcfa4a4177d44d8b8cda17b7a23196b0,gallery,48,rear
c1def54262224e23acf67a9870725ce5,gallery,53,rear
999a2b52a5004ee984e587d5a1327b23,gallery,46,rear
b3a022950e444682a113cec5a0537f6a,gallery,6,front
35d06fce2df446569702778e2250bd82,gallery,19,rear
2c65a898314b42e6b2e93dca66fd15c2,gallery,57,rear
da9cfbdf124143b78bec89393dd5287a,gallery,42,rear
f59a3ee5387440d981754b6595e8664c,gallery,69,rear
761a3a01495143f0a86beac4234cae3a,gallery,27,front
5e199f7727cc4910ad88dbd81ed1ec82,gallery,36,rear
d37bf09399d848df9a4d880fb097239c,gallery,81,front
93bf0b86be094f68a9d308ca5ecfb4e3,gallery,62,rear
75bf181ea5dc490e95d364a5f5c7af1d,gallery,69,rear
11e9586d6c7a443c8025278f8ef53b6d,gallery,15,rear
ae3f42d57b3046a3821026173286a43e,gallery,56,rear
4c67cc7a1ccc496db132636e3f4853a2,gallery,10,front
7d5c0a2bfccf4255a43d9bd0f84a6d3a,gallery,74,rear
fa190e42ce5a47c99bcaa76138dbc615,gallery,63,rear
7d3d751215194e649a03457226f599d7,gallery,90,front
c713a0ca69864ee7b240069c98dc44dc,gallery,19,rear
feb980ae999948ce9be0266b4ddc048d,gallery,6,front
7ab9086baf99475d8c93862a7dd36344,gallery,19,rear
3e6a4b65a1004c08a6f3f570cf986c2f,gallery,92,rear
ad3d372fbf054ea1ad06cfcb7490df4b,gallery,38,front
44f41e6e6faa4facb0bb9a72205229f8,gallery,48,rear
5f65785004054c67a618fe43b6a30f56,gallery,22,front
